1348819,wx49wym,wx4evr5,wx4grbt
3651197,wx4eq7k,wx4gr95,wx4spk9
1031383,wx5506h,wx4dzb2,wx4u0cp
2749834,wx5h2df,wx5506h,wx4dt71
183182,wx4eq3m,wx4g2vr,wx54be7
5197481,wx4gk2v,wx4ge26,wx4fg9m
1278740,wx4e1uv,wx4snj6,wx4e1f3
4804864,wx4ek9y,wx4dhnx,wx4gjbv
3553446,wx4f0gd,wx4cgvy,wx54b1h
2119517,wx4gpeh,wx4dnsj,wx4dt71
1677646,wx4f0j0,wx4gnjh,wx49wsx
1429257,wx4s4k6,wx4frkj,wx49fs4
2823015,wx4gt3g,wx4gkyv,wx4grj7
3769130,wx550sh,wx4eqqd,wx49fz5
1241596,wx4gq64,wx4dmx7,wx4f2x1
25445,wx4grk6,wx4ey0m,wx499k6
2970092,wx4demc,wx490yc,wx4fuu6
2270627,wx4ctph,wx54bzn,wx4fmnf
649651,wx4uzkn,wtw37p0,wx4grnf
1492690,wx4dq5f,wx4gnjh,wx4fs51
3546656,wx54d5w,wx4dt7q,wx4gnd8
1244303,wx4exmd,wx4gz10,wx4ujyr
4252893,wx4ctkf,wx4g402,wx4cfh9
4825167,wx4cgvy,wx49k5w,wx550xf
3961330,wx4dhnx,wx4gjbv,wx4ejkq
2909341,wx4emxn,wx4d10v,wx4cw55
2903291,wx49gn2,wx4efrz,wx4cgvy
3918469,wx4g2vr,wx4uhum,wx43z1n
1994168,wx4dz1b,wx4u2qr,wx49znx
4462216,wx550r7,wtw39c4,wx4f45m
602696,wx4d22k,wx4gp8e,wx4eq5w
4166688,wx4gc9j,wx4eq5w,wx4efrz
3735113,wx4ewds,wx4ur1z,wx4f1yr
3757734,wx4grbr,wx54b1h,wx550xf
3493560,wx4ejkq,wx4d6ys,ws0eftt
621580,wx4s4v9,wx4gnjk,wx4f4j2
953030,wx4gq64,wx4dmx7,wx4f2x1
310661,wx4uqrs,wx4e4b9,wx4uxbk
2635028,wx4g2dt,wx4g7tt,wx4uqf0
3885212,wx4umfh,wx4gp8e,wx4uepm
5160765,wx4egs1,wx4fcu1,wx4gse2
2023234,wx4cbzk,wx4g7tt,wx4unqt
2133008,wx4et0u,wx49wsx,wx4ffsy
68560,wx4cuqm,wx4grnf,wx4gj46
2157073,wx49fs4,wx4gz10,wx43w5j
4280793,wx550r7,wx4dq95,wtw39c4
2819497,wx4dq5f,wx4fp50,wx4gnjh
667853,wx4f69x,wx4f38m,wx54b1h
4068344,wx4ezcp,wx4ep7s,wx4gdpn
1050696,wx49wym,wx4d7fh,wx4evr5
552447,wx4f9jv,wx4dxpg,wx4g2tf
1230102,wx4e1f3,wx4fwsw,wx4g2gb
192901,wx4e3gq,wx4e1bf,wx4dg74
4546281,wx54b3k,wx43zuq,wx4gd7y
3521082,wx499k6,wx4fn12,wx4sr8p
1836492,wx4dfzu,wx4swr6,wx4g7tt
3109067,wx4e1bf,wx4fv7f,wx4uqrs
399137,wx4f7p0,wx4f73u,wx4sntz
3331610,wx4g2vr,wx4gjc2,wx4dh6u
2568135,wx4swr6,wx4g7uc,wx4ghn4
3948685,wx4fg1g,wx4fktk,wx4f7ny
5139726,wx4g69s,wx4e4b9,wx4f86z
3371614,wx4gk2v,wx4fvyd,wx5h27u
3706571,wx4g2vr,wx4d5hs,wx4dh6u
2411638,wx4g2gb,wx4ek25,wx4cbwm
4050197,wx4e1bf,wx4spt8,wx4dg74
4742729,wx4gnjk,wx4u04z,wx4g6b2
4176576,wx4dpvx,wx4ur1z,wx4fen2
5178540,wx4dfxg,wx4935y,wx550r7
2284634,wx4emns,wx4skhq,wx4u0n2
3819888,wx5494k,wx4e5mu,wx4e5kz
1448252,wx4eqfq,wx4f7mz,wx49c0q
2285375,wx5h2df,wx4dt71,wx5506h
1841646,wx4dgph,wx4dz1b,wx4g6qj
350883,wx4fhz4,wx4esz9,wx4grpj
308805,wx4ey0m,wx4grnf,wtw37p0
3334518,wx49gn2,wx4f4h5,wx4drbz
557884,wx499k6,wx4fn12,wx4sr8p
2935297,wx5494k,wx4eq5w,wx4e4p0
2383462,wx4swr6,wx4cbzk,wx4g7tt
2522330,wx4cufw,wx4sqhv,wx4f7nq
3144091,wx4fzty,wx4eytq,wtw39c4
4200911,wx4fktk,wx4dtjg,wx4d6gq
930076,wx4g39p,wx4gv4e,wx4shsx
2597643,wx4u91w,wx4dz05,wx4dv3p
1384857,wx49gzd,wx550w0,wx4utwt
5178471,ws4uztw,wx4uh1n,wx4fg1g
4019735,wx4g3tm,wx4dhnx,wx4gjbv
5165480,wx4gjhk,wx4dxmh,wx49cjj
474511,wx4dfxg,wx4uqrs,wx4sqt0
3302354,wx4dqwj,wx4ev4q,wx4ceww
3855670,wx4ej4d,wx4f123,wx4cw9q
5099682,wx4u1df,wx4f4h5,wx4svb0
4507486,wx4f66q,wx4grk6,wx4subk
3280908,wx4ep7s,wx4g526,wx4djfv
1003403,wx4dqh4,wx4gg7m,wx4994c
2130200,wx4ujyr,wx4evr5,wx4grbt
956004,wx4g2d3,wx4dz6f,wx4d4g6
2156747,wx4e42e,wx4ge5w,wx4e9c3
4766248,wx4g2vr,wx4f6nt,wx4ge26
3625948,wx4f86z,wx4dwc3,wx4e4b9
1633353,wx4sndk,wx4fk01,wx4gc1b
2630671,wx4ujyr,wx4evr5,wx49wym
3359297,wx4dmec,wx4gb29,wx4ewys
1553616,wx4cvvm,wx4gpeh,wx4f7mz
3895784,wx4grbr,wx54b1h,wx4dgyg
3485914,wx4935y,wx4eq7k,wx4uhgx
373792,wx4sy1w,wx4enh2,wx4fsvg
3692132,wx49pgn,wx4u1dm,wx4d5ch
3813987,wx4gc9j,wx49gn2,wx4uhhn
3755682,wx4gpmw,wx4dh7n,wx4g36w
2971297,wx4cw55,wx4fkvn,wx5h2ue
66516,wx4eyt2,wx4fs1z,wx49rq2
1875071,wx4dtp6,wx4skhq,wx4f3b6
3743552,wx550sh,wx4fzty,wx4fen2
3375572,wx4cgvy,wx4dh6u,wx4f6nt
4095610,wx4uyb6,wx4g4uk,wx4fzd9
1246659,wx4dz1b,wx5506h,wx49znx
35846,wx4evem,wx4g2vr,wx4subk
1935620,wx4ezv4,wx4fenx,wx4e538
887522,wx43w5j,wx49fs4,wx4f5z4
209333,wx4eq7k,ws0eftt,wx4gr95
3507001,wx4e1bf,wx4fv7f,wx4dwc3
4956594,wx4eq7k,wx4um8f,wx4935y
5006701,wx4egs1,wx4fen2,wx4g2jz
2908997,wx4esz9,wx4dp0k,wx540re
1888512,wx4g8er,wx4emns,wx4dtp6
4187360,wx4g556,wx4f6nc,wx4935y
2663832,wx4fmnf,wx4sht0,wx4egb1
2673529,wx4f7mz,wx4eqfq,wx4gnwm
2710327,wx49zwq,wx4d546,wx4unqt
2130733,wx4dfzu,wx4dx8w,wx4gnkw
4053244,wx4eq7k,ws0eftt,wx4gr95
255209,wx4up81,wx5524k,wx4ejz1
5180515,wx4deuw,wx4gf0v,wx4e62r
5192445,wx4f69x,wx4g893,wx5h6yb
1602344,wx4u0cp,wx4g7tt,wx4ghn4
938001,wx49wsx,wx4ex0n,wx4ffsy
2509034,wx4upd6,wx4dx8w,wx4dt71
5158148,wx4dhnx,wx4gjbv,wx4ft2h
1420991,wx4emns,wx4cbzk,wx4unqt
2839476,wx49u3n,wx4dhtv,wx4enn8
1446899,wx4emns,wx4enn8,wx4u0n2
2088970,wx5h6rw,wx4fenx,wx4en1n
3913499,wx4e5kz,wx4u89c,wx4uc9d
5184069,wx4spst,wx4sntz,wx4gp8e
1874428,wx49yxq,wx546uc,wx4gv39
1029061,wx4s5ym,wx4epr7,wx4er76
3011367,wx4f9jv,wx4gk2v,wx4fvyd
4224582,wx4e5kz,wx5494k,wx4ev3x
5096884,wx4u05t,wx4f6nc,wx4g556
523460,wx4f7p0,wx4g3tm,wx4umzv
1414313,wx4s5ym,wx4f9t7,wx4dx7s
1152839,wx4e538,wx4dzub,wx4cgg1
2747757,wx4enn8,wx4en1n,wx4u0n2
781142,wx4f6nc,wx4urs4,wx4ej4d
3537883,wx4g71y,wx4fv2z,wx4u59n
2499778,wx49960,wx4vp12,wx4dubq
4235252,wx4gr95,wx4grpj,wx4eq7k
547837,wx4fy5f,wx4efx8,wx4umfh
3041853,wx4dhnx,wx4gjbv,wx4ft2h
927346,wx4fedc,wx4skhq,wx4en6k
4100235,wx4dwrm,wx4dhnx,wx4g3tm
2798437,wt022uu,wx4fw5n,wx4sqks
645243,wx4gpmw,wx4spt8,wx4dg74
4409340,wx4fg9m,wx4gc9j,wx5h27u
2476655,wx4frkj,wx4g355,wx49fs4
5185420,wx4g2vr,wx4ge26,wx4gjc2
4134623,wx4gbmj,wx4umfh,wx4fztr
5052614,wx5he7c,wx4gndk,wx4sntz
1519564,wx49zn2,wx4exmq,wx4gjmw
1313667,wx4gs6u,wx4fhcu,wx4dskv
4114602,wx4d7k7,wx4f45m,wx4gynd
342448,wx4gj46,wx4subk,wtw37p0
1616006,wx4g2gb,wx4ek25,wx4eqfq
3431481,wx4grnf,wx4ey0m,wx4grk6
4236938,wx4eytq,wtw39c4,wx4umzv
3982556,wx4grk6,wx4gj46,wx4cf9x
3097558,wx4f3ue,wx4dxmh,wx4ccq8
3551598,wx4u023,wx4f6ry,wx4dyf4
5056861,wx4durn,wx4f4h5,wx5h27u
997019,wx4e538,wx49tu3,wx4f7mz
2104609,wx4swr6,wx4g2dt,wx4g7tt
5175702,wx49tz7,wx4ej5k,wx4dut5
3888206,wx4gk2v,wx4fvyd,wx5h27u
4562110,wx49vy6,wx4geww,wx4dtbg
5163385,wx4enxu,wx4eq3m,wx54be7
2073346,wx4gv4e,wx4f7mz,wx4c85d
489746,wx4gdhu,wx4d73g,wx4sn73
1255017,wx4fp50,wx5506h,wx49znx
1102877,wx4sjvb,wx4g5c4,wx4utcv
4855164,wx4ezwk,wx4u89c,wx4eq99
5145881,wx4dhnx,wx4gp8e,wx4ezwk
711380,wx54c5n,wx4gkvk,wx4egm7
640893,wx4eq5w,wx4efrz,wx4f6nt
4307029,wx4dhvc,wx550sh,wx4um8f
1917768,wx4gyc8,wx4f56g,wx4d70e
1601167,wx4dt71,wx4f7nq,wx5506h
1843113,wx4fy5s,wx4snc4,wx4fsyv
1929908,wx4erwp,wx5h8pd,wx49wym
3313801,wx4ctrq,wx4ff2u,wx4gk2v
3807949,wm3yh9t,wx4g9vw,wx4cu9r
2601674,wx4d4g6,wx4um1c,wx4d592
3087962,wx4eq7k,ws0eftt,wx4dq7n
154360,wx4f9jv,wx4ev4q,wx4fjds
120970,wx4ctph,wx4gnjh,wx4fmnf
1519714,wx4ujyr,wx4evr5,wx49wym
5026431,wx4f45m,wx4gcxt,wx4uyb6
3027697,wx4gbnt,wx4umzv,wtw39c4
3782691,wx4enwf,wx4g9mu,wx49xz8
214048,wx4u05t,wx4ejkq,wx4g3tm
2842796,wx4cfnr,wx4dt8y,wx49gtr
4572148,wx4e4p0,wx4eq7k,wx4d22k
4270843,wx4uqrs,wx548xf,wx4dv3r
3903086,wx4f52m,wx49gn2,wx4efrz
716776,wx4cfmm,wx4gphn,wx4eq7k
2080439,wtw3w4n,wx4fddd,wx49tu3
4482834,wx4dhnx,wx4gjbv,wx4dwrm
188414,wx4ume5,wx4um3t,wx4ep7s
2225206,wx4deuq,wx4emxs,wx4c8kd
4958747,wx4ghwm,wx4ge65,wx4ug2d
4873999,wx548xf,wx4skqn,wx4dv3r
4187602,wx4efx8,wx49pgn,wx4ek3f
1274215,wx4d7p2,wx4e9fn,wx4grp5
855761,wx4evmm,wx4d7yv,wx4ud5h
2241057,wx4s4k6,wx4ex0m,wx4f5z4
3801908,wx4dh7n,wx4dut5,wx4uv29
3204598,wx43xkp,wx4fktk,wx4fy5f
2862384,wx4skhq,wx4cgg1,wx4ezv4
4497029,wx49gn2,wx4efrz,wx4gk2v
3222619,wx4dhvc,wx4um8f,wx4gr95
2823476,wx4skhq,wx43jk6,wx43z64
2140385,wx4enn8,wx4ew3b,wx4fj1f
3595326,wx4grnf,wx4dhnx,wx4cgvy
3286340,wx49xz8,wx4ek9y,wx4dhnx
2363690,wx4eh7q,wx54b9h,wx4vnzj
1821108,wx4g3eh,wx4f3mx,wx4fp50
2382387,wx4dt71,wx5506h,wx5h2df
2477781,wx4egb1,wx4sht0,wx4eqfq
4981916,wx4enwf,wx550sh,wx4f5q4
4728575,wx4f6nc,wx4urs4,wx4g556
4215913,wx4u05t,wx4dq7n,wx4d22k
4332380,wx4swz0,wx4g9vw,wx4fsvg
415287,ws0edmy,wx4ctrq,wx4ff2u
1926685,wx4cwgu,wx4smdh,wx4emxs
2316622,wx4fuk5,wx4uqf0,wx4d3bp
1858355,wx4dmx7,wx4gq64,wx4cbzk
1734167,wx4enn8,wx4en1n,wx4u0n2
3745640,wx4eq69,wx4gcht,wx4esz9
1360206,wx4cbzk,wx4dhtv,wx4f2x1
5002760,wx4grk6,wx4dgyg,wx4gj46
879476,wx4uqt7,wx4ue0v,wx4dfzu
2644666,wx4uqf0,wx4g7tt,wx4dfzu
2898378,wx4geww,wx4gk2v,wx4f6nt
2328113,wx4frkj,wx49zwq,wx4d546
351200,wx4fjds,wx4dqwj,wx4g2tf
1686834,wx4em2v,wx4upd6,wx4dt71
3582854,wx4ff8j,wx4u89c,wx4e5kz
4076019,wx4evem,wx4g2vr,wx4subk
4270630,wx4urs4,wx4f6nc,wx4g556
4047485,wx4ezfr,wx4dwq7,wx4dmfv
2322719,wx4c83q,wx4drbr,wx4gg91
2250555,wx4g4q5,wx4d7fh,wx4dfjv
2445103,wx4vnzj,wx4cbr6,wx4u00g
3757753,wx4g71y,wx4e489,wx4g5nx
3780861,wx4f4h5,wx4uhhn,wx4ge26
2256507,wx4dgph,wx4dz1b,wx4g6qj
2876671,wx4e538,wx4skhq,wx4en6k
3545306,wx4dq95,wx4eq7k,wx4gr95
1842660,wx4uwwe,wx5h6w3,wx4djf9
3975363,wx4f66q,wx4evem,wx499k6
1288360,wx4swr6,wx4g7tt,wx4upd6
3089633,wx4dwrm,wx4dhnx,wx4gjbv
446359,wx4squg,wx4g526,wx4ep7s
727612,wx4sez1,wx4ev4q,wx4f9jv
3951108,wx4esz9,wx4grpj,wx4ep7s
1712144,wx49bh8,wx4dgqs,wx49c0q
4419317,wx4d22k,wx4sv68,wx4ek9y
1447908,wx4vnzj,wx4eh7q,wx4dne4
2436064,wx4u6mr,wx4g4y0,wx4u467
2515378,wx4gnjh,wx4f0j0,wx54bzn
4826588,wx4ek8v,wx4dkwu,wx4ew2t
2597310,wx4ujyr,wx4cufw,wx49fxz
4177023,wx4g2vr,wx499k6,wx4fn12
887228,wx49tu3,wx4u1kr,wx4snr4
2116020,wx5h6rw,wx4enn8,wx4u0n2
1648707,wx4u0cp,wx4gt3g,wx4em2v
846270,wx4ghwm,wx4ge65,wx4e1b1
2305892,wx4swr6,wx4e1cv,wx4g7tt
551047,wx4shvv,wx4ekvb,wx4ewru
600528,wx4eq7k,ws0eftt,wx4gr95
1754587,wx4swr6,wx4g7tt,wx4e1cv
327911,wx4gjhk,wx4uqrs,wx4g556
3213106,wx4fuu6,wx4cw55,wx4dyf4
1063670,wx5h72b,wx5480m,wx4envb
1170446,wx4dz1b,wx4sjvb,wx4dgph
4441083,wx4g2vr,wx49k5w,wx550xf
4042953,wx4e4p0,wx4d22k,wx49xz8
1689742,wx4dgph,wx4fv3t,wx4g6qj
4245807,wx4ek3f,wx4umfh,wx4uv29
4471190,wx492ye,wx4fvzh,wx4fhyw
4466604,wx4g9vw,wx4fsvg,wx49g40
4921656,wx4fg1g,wx4fy5f,wx4f7ny
2724413,wx4swr6,wx4g7tt,wx4cbzk
2338969,wx4en1n,wx4fenx,wx4enn8
3801753,wx49rq2,wx4eyt2,wx4deqb
2839538,wx4fenx,wx4en1n,wx4ew3b
2529409,wx54b9h,wx49wsx,wx4ffsy
3991314,wx4dnm7,wx4dxmh,wx49cjj
4890390,wx4ezwk,wx4u89c,wx4d6ys
3046720,wx4gr95,wx4squg,wx4sh71
2650438,wx5520s,wx4d12z,wx4fe5u
3105006,wx4ejz1,wx4eqqd,wx4f8fu
4139964,wx4um8f,wx4eq7k,wx4dq7n
1618400,wx43jk6,wx49bh8,wx4en6k
3110263,wx4dhvc,wx4935y,wx4dfxg
708232,wx4eq7k,wx4gynd,wx548xf
4664720,wx4f66q,wx4eq5w,wx499k6
1977780,wx4dgph,wx4dz1b,wx4g6qj
4528461,wx4d7mr,wx4u13c,wx4u126
1861648,wx4u0cp,wx4g7tt,wx4ghn4
3533510,wx4gpmw,wx49eqf,wx4gbnt
4907635,wx4f52m,wx4d6ys,wx49gn2
763406,wx4d22k,wx4dq95,wx4eq7k
1543884,wx4ejb4,wx4exmd,wx4sphd
2566925,wx4enn8,wx4d546,wx4en6k
178266,wx4fece,wx4d082,wx4g0vg
5194772,wx4enwf,wx4gnjk,wx4f5q4
4121404,wx4e1qu,wx4dkwu,wx4gse2
4246984,wx4fjq2,wm3z57x,wx4ghy3
5171070,wx4dnm7,wx4dwc3,wx4esz9
1026666,wx4fp50,wx4et0u,wx4ghu1
2035554,wx4dgph,wx4snc4,wx4gg7m
4552984,wx4ejc4,wx4ss35,wx4cw55
1196452,wx4dp7c,wx4cgg1,wx4dqh4
5038650,wx4g2vr,wx4ge26,wx49k5w
1193295,wx4skhq,wx4emns,wx4fedc
4687692,wx4f52m,wx49gn2,wx4efrz
2974768,wx4935y,wx4g556,wx4uhgx
2801837,wx4u0cp,wx4g3eh,wx5506h
2859623,wx43w5j,wx499t4,wx49fs4
3206763,wx4efx8,wx4u1pr,wx4gsq6
4508687,wx4enk3,wx4fbe2,wx4dppq
1724979,wx49xp8,wx4unuc,wx4ex0n
4172418,wx5494k,wx4d6ys,wx4ezwk
5212253,wx4dnuh,wx4ghk3,wx4ue41
1199452,wx4egu5,wx4e57b,wx4dne4
4401270,wx4esbp,wx4ew1p,wx4fen2
654817,wx4f0gd,wx4g2vr,wx499k6
1370198,wx4dz6f,wx4upd6,wx4em2v
1356457,wx4fenx,wx4en1n,wx4enn8
3318705,wx4cgvy,wx4dwrm,wx4dh6u
3208584,wx4dhnx,wx4gjbv,wx4ejkq
4202104,wx4dppq,wx4fs2g,wx4gp2s
347447,wx499k6,wx4cgvy,wx4cf9x
1882870,wx4d546,wx4dzub,wx4dtp6
512249,wx4f18b,wx4dfxg,wx4fz4e
4643658,wx43xkp,wx4fktk,wx4fy5f
4315807,wx4dwrm,wx4dhnx,wx5494k
1093018,wx4dgph,wx4gg7m,wx4fv3t
2105230,wx4cbwm,wx4ek25,wx4g2gb
2047050,wx49xp8,wx4ex0n,wx49wsx
1616160,wx4dz1b,wx4et0u,wx4sjvb
2203634,wx5506h,wx4et0u,wx5h2df
3153957,wx4gdj0,wx4f6nt,wx4gk2v
1851523,wx4g2dt,wx4dhtv,wx4fenx
5094184,wx4gc9j,wx49gn2,wx4uhhn
571478,wx43xkp,wx4g8ym,wx541ys
5061539,wx4dfxg,wx4935y,wx4eq7k
4867522,wx4gk2v,wx4d5hs,wx4dh6u
3287060,wx4u58f,wx4en3x,wx4cw55
3581376,wx4f23p,wx4f13s,wx4g2rm
1314767,wx4f0j0,wx4gnjh,wx49wsx
2254866,wx4cdcn,wx4gs6u,wx4ewqg
4313396,wx4cw9q,wx4shkx,wx4ej4d
369819,wx4eq5w,wx4f4h5,wx4drbz
4991745,wx4dn9x,wx4cf9x,wx5h6yb
4209804,wx4ff8j,wx4g8ym,wx4e5kz
4250745,wx4935y,wx4g556,wx49cjj
4601620,wx4umfh,wx5524k,wx4fcu1
3801345,wx4ejkq,ws0eftt,wx4sv68
4109130,ws0eftt,wx4sv68,wx4ek9y
3881494,wx4fvyj,wx4dxw7,wx4utcn
2039807,wx4gpeh,wx49csp,wx4f7mz
2272972,wx493vy,wx54bv1,wx5h72b
56046,wx4cfmm,wx4g9mu,wx4umzv
2775164,wx4uqf0,wx4emns,wx4cbzk
937984,wx4f2zx,wx4esx4,wx5h72b
4434399,wx4f0gd,wx4g05d,wx4g2vr
1502459,wx4u0cp,wx4g7tt,wx4uqf0
733366,wx4dq95,wx4f18d,wx499y3
4412999,wx4eq7k,wx4u05t,wx4d22k
235863,wx4gjc2,wx4cgvy,wx4dh6u
2552552,wx49bh8,wx4g6s2,wx4enn8
5167313,wx4sntz,wx4drqd,wx4ff2u
5134164,wx4dhnx,wx4cgvy,wx4gjbv
3784202,wx43z34,wx4d5c4,wx4f4j2
3334606,wx550r7,wx4gphn,wx4fzty
5162033,wx4fexx,wx4dt7d,wx4ceww
4469259,wx49ydv,wx4f3sr,wx4ew07
1944605,wx43jk6,wx49bh8,wx4g6s2
2819519,wx4fenx,wx43z64,wx4en1n
3068996,wx4d22k,wx4dq95,wx4eq7k
2382353,wx4dz1b,wx49znx,wx5506h
3245891,wx4f4h5,wx4dppc,wx4drbz
1447739,wx4snc4,wx4d4p8,wx4vnzj
63434,wx4f13s,wx4gyk3,wx4cfh9
441037,wx4ewru,wx4fhy1,wx4e460
4862446,wx4gm09,wx4ejsq,wx4sr82
4115149,wx4dhvc,wx5h8uw,wx4eppn
2349611,wx4gg7m,wx4dexm,wx4fbtm
2908639,wx4g2vr,wx4gk2v,wx4fg9m
334705,wx4gdsc,wx4dz17,wx5h8uw
1616004,wx4g7tt,wx4uqf0,wx4upd6
3285817,wx4sh71,wx4gr95,wx4eq7k
2287692,wx4grbt,wx49fxz,wx4evr5
498446,ws0eftt,wx4sv68,wx4ejkq
5146330,wx4gj46,wx4subk,wx4egm7
3886116,wx4fhz4,wx4esz9,wx4ezcp
5171620,wx5h8uw,wx4dqed,wx4eppn
4909398,wx4grnf,wtw37p0,wx4gj46
4306094,wx5524k,wx49fz5,wx4g2jz
3889859,wx4f69x,wx5h6yb,wx4ey2f
4308697,wx4gpq3,wx4dppq,wx4g90h
274707,wx4gphn,wx4fz4e,wx4skqn
4566342,wx4enwf,wx4eqqd,wx4ejz1
592099,wx49rq2,wx4d7nd,wx4gjhk
4102357,wx4ur1z,wx4dpvx,wx4fen2
4944630,wx4f4h5,wx4dppc,wx4drbz
2729402,wx4fddd,wx4e56c,wx4cgg1
1591465,wx4dmdx,wx4f7nq,wx4ew3b
3439420,wx4f315,wx4e4p0,wx5494k
35070,wx4e5mu,wx4gbnt,wx4g3tm
4037741,wx4u89c,wx4uy0p,wx4e5kz
1632520,wx4dp7c,wx4g2gb,wx4dqh4
3329291,wx4f315,wx4sntz,wx4cc8f
3115082,wx4f5q4,wx4uq1h,wx4gjbv
2168316,wx4gnwm,wx4f7mz,wx492b8
1308057,wx4cbwm,wx4et0u,wx5506h
4360360,wx4eq7k,wx4gphn,wx4um8f
5045937,wx4g556,wx4dhvc,wx4935y
5185006,wx4gc9j,wx4u1df,wx4fg9m
3612557,wx4fg9m,wx4ge26,wx5h27u
48364,wx49uhb,wx49zef,wx4etp2
2668769,wx4d546,wx49zwq,wx4frkj
3193573,wx4dhnx,wx4gjbv,wx4ft2h
3972973,wx499k6,wx4fn12,wx4g2vr
2838282,wx4u2qr,wx4utcv,wx4g5c4
4229083,wx4gpc6,wx4ek8v,wx4umfh
476195,wx4dq4g,wx4f6ry,wx49zhz
1739022,wx49zwq,wx4d546,wx4enn8
1283710,wx54b9h,wx54c2d,wx49wsx
4729906,wx4fyn0,wx4935y,wx4dp0k
2457538,wx4dz6f,wx4em2v,wx4upd6
5161853,wx4dhnx,wx4grnf,wx4cgvy
3732669,ws0eftt,wx4sv68,wx4ek9y
2655309,wx4ctph,wx4fp50,wx54bzn
3364513,wx49xz8,wx4enwf,wx54817
3207303,wx4g7py,wx4dq95,wx4eq7k
2774566,wx4ue0v,wx4gsfp,wx4f6xt
1386928,wx43jk6,wx49bh8,wx4g6s2
4002459,wx4eq7k,wx4935y,ws0eftt
933522,wx4fenx,wx4gpeh,wx4en1n
2307242,wx4fmnf,wx4ctph,wx4emns
3493144,wx5494k,wx4ezwk,wx4ev3x
4525725,wx4eq7k,wx4gr95,wx4dp1x
3495894,wx4ek9y,wx4gnjk,wx4uq1h
1470910,wx4ew3b,wx4f7nq,wx4dt71
1492859,wx4ctph,wx4u3kc,wx4g6qj
2978057,wx4fs1z,wx4gcht,wx4erss
63146,wx492x1,wx4ftmj,wx4gncm
2653447,wx4fw5n,wx4dhme,wx4exrj
4601022,wx4eq5w,wx4ey93,wx499k6
4817490,wx4cgvy,wx4gk2v,wx4dwrm
2539928,wx4f2x1,wx4dhtv,wx4enn8
1602168,wx4ex0m,wx4emns,wx4s4k6
2773376,wx5506h,wx4fp50,wx49znx
645269,wx4umfh,wx4ek8v,wx4ftgs
2452256,wx4s5ym,wx4f2x1,wx4er76
3912475,wx4dv3r,wx4skqn,wx548xf
4078316,wx4e4p0,wx4d22k,wx4eq7k
464758,wx4d22k,wx4sv68,wx4dq7n
1153261,wx4fp50,wx4et0u,wx5506h
2420976,wx4enq2,wx4evr5,wx4gj0v
2149334,wx4dx8w,wx4gkyv,wx4upd6
4830482,wx4g5nx,wx4d128,wx4ek3f
2400165,wx4emxk,wx4dz1b,wx4cewx
1943263,wx4dgph,wx4dz1b,wx4g6qj
1844043,wx4s4k6,wx4gt3g,wx49fs4
4841565,wx4g8ym,wx43xkp,wx4e5kz
1513037,wx4f1rp,wx4emns,wx4frkj
4813596,wx4eq3m,wx49b9m,wx4g2vr
2717754,wx4ur9s,wx4fzd0,wx4d12z
159838,wx4eq7k,wx4f5q4,wx4uyb6
1168006,wx4dgqs,wx4gnwm,wx492b8
524192,wx4dnm7,wx4fkdq,wx4esz9
2905020,wx4fhz4,wx4esz9,wx4grpj
738983,wx4eq7k,wx4935y,wx4gphn
2131645,wx4fenx,wx4gpeh,wx4en1n
4390959,wx5523u,wx4gdj0,wx49vy6
2014410,wx4emxk,wx4dz1b,wx4cewx
3108838,wx4dq95,wx4egs1,wx4fcu1
522819,wx4evem,wx4f66q,wx4g2vr
923864,wx4dt71,wx5506h,wx5h2df
2717902,wx4gq64,wx4g2dt,wx4dmx7
3885506,wx4fvx9,wx4e1b1,wx492b0
2298672,wx4e538,wx4skhq,wx4emns
1285902,wx4ex0n,wx49wsx,wx4ffsy
1628872,wx4swh2,wx4dut8,wx4u2bv
2115571,wx5hcqm,wx4um1c,wx4gz10
2221331,wx4dq5f,wx4fp50,wx4f3mx
1835134,wx4g4y0,wx4u6mr,wx4dyc1
3859069,wx4ceww,wx4fvzz,wx4f8b3
4494552,wx4f66q,wx499k6,wx4eq5w
3460700,wx4dwrm,wx4grnf,wx4cgvy
2047787,wx4f3b6,wx493vy,wx546uc
520422,wx4cgvy,wx4g2vr,wx4d5hs
915590,wx4fc4e,wx4fw5n,wx4dhme
2399532,wx4d592,wx4gq64,wx4evr5
4760004,wx4f3ue,wx4uxbz,wx4dyuj
372270,wx4dhvc,wx4um8f,wx4f5q4
50315,wx4dhnx,wx4gp8e,wx4gjbv
744050,wx4umfh,wx49b79,wx4ew2t
4477091,wx4esz9,wx4dnm7,wx540re
4986509,wx4uzkn,wx4fsvg,wx4egm7
3522228,wx4gc9j,wx4cgvy,wx4uhhn
2261554,wx43jk6,wx4ex9d,wx4gnwm
4061661,wx4ezn9,wx4f4xe,wx4s5c6
3626299,wx49tz7,wx4uv29,wx4dut5
346714,wx4fhz4,wx4esz9,wx4erss
2771790,wx4ghn4,wx4swr6,wx4g7tt
63485,wx4f4j2,wx5hb30,wx4dmxn
1296306,wx4emxs,wx4deuq,wx4ejb4
3372802,wx4eq5w,wx4drbz,wx4f4h5
1634073,wx4cufw,wx4grbt,wx4f7nq
3909347,wx49pgn,wx4d5ch,wx4efx8
943156,wx4egb1,wx4sht0,wx4uvb3
876274,wx49csp,wx4f7mz,wx4gpeh
1980095,wx4g2dt,wx4fenx,wx4dhtv
2889919,wx4dfzu,wx4g7tt,wx4gnkw
4469598,wx4e4p0,wx5494k,wx4eq5w
1060627,wx4swr6,wx4e1cv,wx4g7tt
4357363,wx4fjds,wx4ev4q,wx4f7dm
4844366,wx49tz7,wx4dh7n,wx4uv29
2294725,wx4dq5f,wx4f3mx,wx4g3eh
2291058,wx4dz6f,wx4u0cp,wx4em2v
2965211,wx5h29h,wx4gnjk,wx4ewds
1695226,wx4g2dt,wx4g7tt,wx4fdg1
1444630,wx4cwgu,wx4smdh,wx4dju6
1146132,wx4dfzu,wx4gnkw,wx5hd2p
4293122,wx4c1kc,wx4g70s,wx4dz0h
4246737,wx49gn2,wx4gc9j,wx4uhhn
2751971,wx4emns,wx4skhq,wx4f3b6
700754,wx4dv3r,wx4skqn,wx4gphn
3545674,ws0eftt,wx4dq7n,wx4eq7k
1758568,wx4dtp6,wx4f3b6,wx4fenx
1214389,wx49z2m,wx54b9h,wx49wsx
1052818,wx4d546,wx4enn8,wx4en6k
3349727,wx4d476,wx4d6gs,wx4swz0
4383197,wx4dq95,wx4eq7k,ws0eftt
1678485,wx4cudg,wx4uq2f,wx4ek25
1310048,wx4d3bp,wx4f5z4,wx4f0kh
65251,wx4cfmm,wx4dfxg,wx4935y
4710088,wx4f8fu,wx4d5ch,wx4eqqd
3585695,wx4ejkq,wx4dhnx,wx4g3tm
1707000,wx4cgg1,wx4g6s2,wx4f7mz
3651219,wx4gk2v,wx4sqqm,wx4fjds
376648,wx4f4h5,wx4f9jv,wx4entg
4531252,wx4grnf,wx4cgvy,wx4u89c
3987143,wx4f4h5,wx4entg,wx4svb0
686406,wx4fsvg,wx4egm7,wx4gkvk
2249499,wx4fenx,wx4ezv4,wx4gne6
4340733,wx4fxwc,wx4u58f,wx4d73g
3050562,wx4ff8j,wx4f7p0,wx4g3tm
1571566,wx4skhq,wx4f3b6,wx4dtp6
4283291,wx4fnrn,wx4fzty,wx4umzv
3098597,wx4eq7k,wx4gr95,wx4grpj
4299578,wx4u1dm,wx4efx8,wx4ek3f
2690125,wx54b9h,wx49wsx,wx4ffsy
1095671,wx4g2dt,wx4ew3b,wx4fenx
2927214,wx4fen2,wx5524k,wx4g2jz
1513852,wx4cudg,wx4dtp6,wx4uq2f
176659,wx4f7p0,wx4fzty,wx4umzv
1268008,wx550w0,wx4utwt,wx4uhr4
4499852,wx4f6ry,wx4gcy1,wx4fztr
2284271,wx4en1n,wx4ew3b,wx4enn8
2984038,wx4gj46,wx4grk6,wx4subk
2392045,wx4dx8w,wx4gkyv,wx4gt3g
1816364,wx4cbzk,wx4e1cv,wx4g2dt
1322763,wx5hd2p,wx4dz1b,wx4u2qr
132547,wx4dgph,wx4fv3t,wx4dz1b
3285387,wx4u58f,wx4d5c4,wx4en3x
2679303,wx546uc,wx49yxq,wx4eqfq
933766,wx4d3bp,wx4eq8v,wx4eqw6
67522,wx4dh6q,wx49tz7,wx4fv7f
1568776,wx4e56c,wx4g9vs,wx4g8es
2375143,wx4snc4,wx4d4p8,wx4fsyv
1591742,wx55fm5,wx4enn8,wx4g6s2
3900824,wx5524k,wx4f86z,wx4fcu1
4630819,wx4deuw,wx4gc7b,wx4u023
4375896,wx4g6nj,wx4eqqd,wx4f8fu
4307358,wx4efx8,wx4u1pr,wx4gsq6
5000065,wx4dqed,wx4f123,wx5h8uw
134819,wx4u0cp,wx4g7tt,wx4ghn4
3953349,wx550r7,wx4dq95,wx4fzty
1139685,wx4enn8,wx4u0n2,wx4en6k
2708305,wx5h2df,wx5506h,wx49znx
168925,wx4fhc5,wx49gn2,wx4efrz
4865212,wx4gdj0,wx4f6nt,wx4gk2v
4275066,wx43xkp,wx54c5n,wx4g8ym
2464458,wx4g2gb,wx4ek25,wx4cbwm
3715519,wx4gbnt,wx4g3tm,wx4ft2h
485742,wx4f315,wx4en3x,wx4e98c
1153163,wx4dgph,wx4fv3t,wx4dz1b
3569050,wx4gr7g,wx4dhnx,wx499k6
1914823,wx4unqt,wx4cbzk,wx4eqw6
1014323,wx4gsfp,wx4upd6,wx4gc9v
4585009,wx4f9jv,wx4fvyd,wx4gk2v
1865395,wx4ghn4,wx4g7tt,wx4dfzu
2477261,wx4dz1b,wx4sjvb,wx4dgph
858806,wx4f52m,wx4efrz,wx49gn2
3846716,wx4cuqm,wx4dp92,wx4fcqd
5183324,wx4gbnt,wx4umzv,wx4uy0p
3022064,wx4gjhk,wx4dxmh,wx49cjj
3727667,wx4dnm7,wx4fkdq,wx4esz9
4600018,wx4f0gd,wx4g2vr,wx499k6
1380661,wx4emns,wx4skhq,wx4cgg1
2001143,wx4dy22,wx4cb4n,wx4sszh
699014,wx4u1dm,wx4f45m,wx4d5ch
4460782,wx4f66q,wx499k6,wx4ezwk
4768786,wx4dfxg,wx4935y,wx4eq7k
672617,wx4e1xf,wx4snf2,wx4ghhc
3636525,wx4dhvc,wx4um8f,wx4eq7k
4963168,wx4gdj0,wx4gjc2,wx49qep
1362886,wx49zwq,wx4d546,wx4cgg1
4495099,wx4dhnx,wx5494k,wx4gjbv
1516848,wx4dz1b,wx4dgph,wx4g6qj
3862094,wx49tz7,wx4g9mu,wx4ewys
2596732,wx5h2df,wx4ezv4,wx5506h
1557177,wx4dgqs,wtw3w4n,wx4gnwm
3386358,wx499k6,wx4fn12,wx4ezwk
1655843,wx4uqf0,wx4g7tt,wx4e1cv
3202204,wx4dq95,wx4eq7k,wx4gynd
995825,wx4g2dt,wx4gt3g,wx4gkyv
3126913,wx49eqf,wx4cw78,wx4dkwu
1502744,wx4gv4e,wx4cvh1,wx4f7mz
5106271,wx4f66q,wx4grk6,wx4gj46
3363404,wx4935y,wx4fz4e,wx4eq7k
3544915,wx4ek9y,wx4uq1h,wx4eqqd
2237142,wx4d3bp,wx4frkj,wx49fs4
3318692,wx4f7cs,wx4exvb,wx4dppq
3657960,wx4d4jp,wx4dtvk,wx49g3v
3786236,wx499k6,wx4eq5w,wx4cf9x
4760571,wx4g402,wx4g6b2,wx4dkjk
1202285,wx4swr6,wx4upd6,wx4g7tt
1298428,wx4vwu1,wx55242,wx4smxy
1549699,wx4e538,wx4fenx,wx4ezv4
3878838,wx4gcht,wx54bxq,wx4erss
1232054,wx49zwq,wx4d546,wx4unqt
2728405,wx4dt71,wx5506h,wx5h2df
2129711,wx4uqxu,wx4gm82,wx4994c
1975780,wx4epr7,wx4f2x1,wx4dhtv
3803240,wx4gbnt,wx4umzv,wx4uyb6
2932561,wx4gk2v,wx4g2vr,wx4fg9m
1117760,wx4u0cp,wx5506h,wx4ghn4
3097700,wx4ume5,wx4ehhv,wx4g526
329869,wx43505,wx4g0kq,wx4eccw
1024676,wx4sjvb,wx4g6qj,wx4dz1b
1591591,wx4enqy,wx4frkj,wx4gs6u
1664795,wx4gs6u,wx4gtsy,wx4g97n
1733869,wx4cbr6,wtw3w4n,wx4d7gw
3578538,wx4dkwu,wx4ek8v,wx4ew2t
2619099,wx4dz6f,wx4g0he,wx4emns
1010975,wx4s4k6,wx4frkj,wx49fs4
4310343,wx4u1df,wx4f4h5,wx4dppc
3913920,wx4esz9,wx4ezcp,wx4dwe1
4759819,wx4d58f,wx49mg1,wx49ydv
771508,wx4f18b,wx4dfxg,wx4fz4e
4027489,wx4egs1,wx4umfh,wx4uv29
2159687,wx4g7tt,wx4fvfs,wx4gkyv
966304,wx4gbq3,wx4dgph,wx4dp7c
2156296,wx4emns,wx4s4k6,wx4gt3g
500389,wx4eq5w,wx4grnf,wx4u89c
2766040,wx4snc4,wx4dzqf,wx4d5eg
4542257,wx4enwf,wx4uyb6,wx4fwqz
760518,wx4eq7k,wx4gr95,wx4gphn
3526392,wx4f66q,wx499k6,wx4gr7g
3194785,wx4f45m,wx4u1pr,wx4d5ch
5125873,wx4su8u,wx4gcmc,wx4euwf
5267,wx4eq7k,wx4gr95,wx4um8f
1494486,wx43w5j,wx49fs4,wx4g355
2892898,wx5506h,wx4et0u,wx4ghu1
540992,wx4grnf,wtw37p0,wx4grk6
16729,wx4dhnx,wx4dwrm,wx4g8ym
3031684,wx4e44x,wx4u59m,wx4fy1z
1439768,wx4dgph,wx4dz1b,wx4g6qj
262722,wx4gnjk,wx4uyb6,wx4uq1h
1830824,wx4dtp6,wx4fenx,wx493vy
2506194,wx4fgsp,wx4fp50,wx4sjvb
1435157,wx4fqb6,wx4dgph,wx4fv3t
3193212,wx4g05d,wx4f0gd,wx4g2vr
2162348,wx4swr6,wx4g7tt,wx4e1cv
4693268,wx4cfmm,wx4eq7k,wx4gynd
2785065,wx4fk01,wx4g0he,wx4gnkw
2144394,wx4d5ek,wx4eqfq,wx4f7mz
3114455,wx4drqq,wx4gn9y,wx43zuq
2368743,wx4ew3b,wx4dmdx,wx4fj1f
3902127,wx4gk2v,wx4fjds,wx4f9jv
2193235,wx4sjvb,wx49wsx,wx4ffsy
1057586,wx4dt71,wx4e1cv,wx4dhtv
2520407,wx4gqpx,wx4st7m,wx4fhbt
3862303,wx4squg,wx4ep7s,wx4g526
3221044,wx4cgvy,wx49gn2,wx4dh6u
3628288,wm3yh9t,wx4gcmc,wx4g9vw
1609915,wx49wym,wx4evr5,wx4grbt
1844853,wx4ex0m,wx4um1c,wx4f0kh
2742225,wx4f2x1,wx4unqt,wx4dhtv
4914092,wx4dqed,wx5h8uw,wx4eq7k
1257122,wx49yxq,wx4dn7g,wx4f3b6
4045513,wx4dhnx,wx5494k,wx4gjbv
2423238,wx4evt9,wx4fkx7,wx4u1zh
3966843,wx4dhvc,wx4e5mu,wx4f5q4
1294210,wx4f811,wx4dv5f,wx4fe7u
3098761,wx4ejkq,wx4ek9y,wx4g3tm
5103431,wx4f7ny,wx4gkvk,wx4ew2t
4074389,wx4fv7f,wx49tz7,wx4e1bf
4129298,wx4fzty,wx4umzv,wtw39c4
3057519,wx4efyp,wx4g5nx,wx4982n
3167210,wx4dfxg,wx4dhvc,wx4um8f
4079203,wx4e4p0,wx4eq7k,wx4935y
325899,wx4cgvy,wx4f0gd,wx54b1h
913246,wx4dz1b,wx4sjvb,wx4dgph
2718090,wx4erwp,wx4eq8v,wx4eqw6
4186872,wx4dhnx,wx4cgvy,wx4u89c
4897354,wx4f0gd,wx499k6,wx4cgvy
3750231,wx4fnrn,wx4umzv,wx4fzty
3696041,wx4g526,wx4djfv,wx4ehhv
2151265,wx49wsx,wx4fp50,wx4sjvb
2907909,wx4f69x,wx4skuv,wx4ey2f
3377552,wx4eq7k,wx4935y,wx4uhgx
2216128,wx4gfuy,wx4shw1,wx4snr4
2470645,wx4egb1,wx4sht0,wx4uvb3
4458498,wx4u1pr,wx4f45m,wx4gsq6
1653033,wx5h72b,wx4fddd,wx4cbr6
5053662,wx4f86z,wx4dwc3,wx4e4b9
4090155,wx4g2jz,wx4fen2,wx550sh
3973606,wx4sh71,wx4eq7k,wx4935y
487155,wx550sh,wx4dq7n,wx4f5q4
5154179,wx4cgvy,wx4f4h5,wx4drbz
743479,wx4dgyg,wx4gj46,wx49qep
56343,wx4eq7k,wx4dq7n,wx4gr95
1507805,wx4ujyr,wx4evr5,wx49wym
2391976,wx4dx8w,wx4e1cv,wx4gkyv
1626112,wx4d546,wx4frkj,wx49zwq
5162336,wx4d22k,wx4fv7f,wx4sv68
493484,wx4eq5w,wx49cx2,wx4efrz
4199627,wx4f7p0,wx4e5kz,wx4ev3x
3546360,wx4cgvy,wx4drbz,wx4f4h5
4736486,wx5h8uw,wx4dnm7,wx4eppn
4638446,wtw37p0,wx4fktk,wx4d6gq
5073904,wx4extn,wx5494k,wx4ezwk
3797904,wx4g5h7,wx541ys,wx4dt7d
3507778,wx4enwf,wx4fv7f,wx4uyb6
5127044,wx4g3tm,wx4umzv,wx4g4uk
4255424,wx4gn9y,wx4u58f,wx4g9mu
3764704,wx499k6,wx4d476,wx4cgvy
4498155,wx4geww,wx4gdj0,wx4gk2v
1566730,wx4ek25,wx4sht0,wx4dzub
4289391,wx4f4j2,wx4u2cq,wx4ejc4
1976192,wx4sjvb,wx4et0u,wx4dz1b
4562358,wx4g2vr,wx499k6,wx4fn12
3057331,wx4cgvy,wx4gk2v,wx4dh6u
4343905,wx4dd3z,wx4epc5,wx4umrr
692554,wx4eytq,wtw39c4,wx4umzv
2503898,wx4fhbt,wx4sh1p,wx4st7m
1701030,wx4ek25,wx4et0u,wx4sjvb
946514,wx4dfzu,wx4g7tt,wx4uqf0
3627243,wx4dgc9,wx4deuw,wx4ezn9
2447878,wx54c2d,wx54b9h,wx49wsx
4305101,wx4ey75,wx4ex2h,wx4c81u
2674672,wx4epr7,wx4f2x1,wx4dp7c
3680746,wx4fzty,wtw39c4,wx4uyb6
1304557,wx4s5ym,wx4f2x1,wx4d592
5067549,wx4dhnx,wx4ezwk,wx4u89c
3920440,wx4935y,wx4eq7k,wx4uhgx
1037404,wx55fm5,wx4gv4e,wx4f7mz
3534942,wx4eq5w,wx5494k,wx4e4p0
1949141,wx4u0cp,wx4g7tt,wx4ghn4
3250774,wx4eytq,wx4fzty,wtw39c4
12130,wx490yc,wx4fuu6,wx4f7ny
3670350,wx4e1bf,wx4spt8,wx4fv7f
2883634,wx4fenx,wx4g2dt,wx4en1n
118078,wx4u0cp,wx5506h,wx49znx
322999,wx4ev4q,wx4e5m8,wx4dqwj
2754053,wx4u0cp,wx4g3eh,wx5506h
4171740,wx4e98c,wx49cw2,wx4eu25
2842764,wx4gpeh,wx4gv4e,wx4f7mz
4790058,wx4d53k,wx4dzdf,wx4gg27
2617191,wx4eyfd,wx4exmd,wx4c8kd
1714119,wx4emns,wx4cbzk,wx4unqt
4938187,wx499y3,wx4f86z,wx4ftjb
2579304,wx5h8pd,wx4f2x1,wx4epr7
5146514,wx4f6nc,wx4urs4,wx4gpq3
3865854,wx499k6,wx4cgvy,wx4fn12
920478,wx4ew3b,wx4fenx,wx4en1n
5060438,wx4ewru,wx4ex0q,wx4un8p
4340494,wx4ezn9,wx4ceww,wx4sqqm
2954271,wx4982n,wx4dxsh,wx4ey4m
3378735,wx4grnf,wx4uzkn,wtw37p0
3963215,wx4eq7k,wx4um8f,wx4f5q4
2054427,wx4cbr6,wx49yxq,wtw3w4n
4545259,wx4eq5w,wx499k6,wx4fn12
1025331,wx5hd2p,wx4gnkw,wx4dfzu
192420,wx4ctrq,wx4fg9m,wx4f4h5
2662002,wx4ew3b,wx4f7nq,wx4dmdx
5192859,wx4f86z,wx4f45m,wx550r7
72100,wx4f66q,wx4cgvy,wx499k6
3425065,wx4grnf,wx4gdf4,wx4gj46
4817984,wx4d22k,wx4sv68,wx4e4p0
3649905,wx4f0gd,wx4cgvy,wx54b1h
1694575,wx4et0u,wx5506h,wx4ek25
1450338,wx4frkj,wx4s4k6,wx4g355
406508,wx4ewds,wx4gnjk,wx4dkwu
522358,wx4f52m,wx4efrz,wx49gn2
205050,wx4grbr,wx54b1h,wx4gj46
1685101,wx4snc4,wx4dzqf,wx4d5eg
4653405,wx4e5mu,wx4e5kz,wx4gp8e
2927423,wx4g2vr,wx4d5hs,wx4dh6u
3723026,wx5523u,wx4eq5w,wx4f6nt
3551934,wx4su8u,wx4euwf,wx4gcmc
2632602,wx4dz1b,wx4g3eh,wx4u2qr
2726571,wx4s5ym,wx4ewqg,wx4f2x1
2652701,wx4dtp6,wx4f3b6,wx4fenx
5199002,wx4d22k,wx4fwqz,wx4uwfd
2446548,wx4dgph,wx4fv3t,wx4ffsy
621385,wx4f4h5,wx4ex2h,wx4ev4q
3294100,wx4dhnx,wx5494k,wx4gjbv
273595,wx4eytq,wx4fzty,wtw39c4
1747640,wx5h2df,wx5506h,wx4dt71
4508781,wtw37p0,wx54c5n,wx4fktk
2475059,wx4eg84,wx4fp83,wx4utwt
2111984,wx49csp,wx4f7mz,wx49c0q
1289144,wx4dtp6,wx4et0u,wx4u6fq
776992,wx4eq7k,wx4dq95,wx4e4p0
4479308,wx5h2ue,wx4fc4u,wx4ss35
1850988,wx4fj1f,wx4d3bp,wx4frkj
896936,wx4dfzu,wx4gnkw,wx4dhtv
1398573,wx5480m,wx4envb,wx4cvh1
4478515,wx4f18b,wx4dfxg,wx4935y
4379349,wx4gjc2,wx4g2vr,wx4ge26
3712854,wx4d7k7,wx4dq95,wx4f45m
3585199,wx4dhnx,wx4gjbv,wx4ft2h
1901064,wx4uqf0,wx4g7tt,wx4u0cp
4215022,wx4e1b1,wx4uzkn,wx49g40
3643450,wx4eqqd,wx4uq1h,wx4f5q4
527431,wx4e5kz,wx4ev3x,wx4uc9d
5216685,wx4u04z,wx49fz5,wx4ew1p
4293997,wx4ek3f,wx4dkwu,wx4g36w
1526740,wx4dz1b,wx4sjvb,wx4g6qj
536144,wx4gr95,wx4eq7k,wx4squg
3566075,ws0edmy,wx4uy0p,wx4dppc
1949190,wx4gz10,wx4um1c,wx4exmd
4690665,wx4u1dm,wx4ff2u,wtw37p0
3838669,wx4ej4d,wx4cw9q,wx4dnm7
1856916,wx4uw1e,wx4exmq,wx4sv4n
4420186,wx4g2vr,wx499k6,wx4fn12
4923731,wx4gsq6,wx4efx8,wx4ej4q
3972902,wx4d22k,wx4eq7k,wx4e4p0
2192982,wx49z2m,wx4f3mx,wx54c2d
1071934,wx4sqhv,wx4gfuy,wx4vp12
4054140,wx4gdj0,wx4fjds,wx4fu6h
4041283,wtw39c4,wx4eq7k,wx4uyb6
4238879,wx4f7p0,wx4ek3f,wx4umzv
3901383,wx4gp8e,wx4e5kz,wx4dzep
3220055,wx4grnf,wx4eq5w,wx4ezwk
930934,wx4cudg,wx4dtp6,wx4skhq
2406830,wx4f1qu,wx4fvnh,wx4fgmn
4087724,wx4f4h5,wx4uhhn,wx4dppc
3870417,wx4sfh5,wx4dnm7,wx4shkx
4119888,wx4dhnx,wx4gp8e,wx4gjbv
1480834,wx5506h,wx5h2df,wx4ezv4
3316750,wx5524k,wx548xf,wx4fcu1
3038713,wx4fhz4,wx4ezcp,wx4esz9
5082143,wx4g2vr,wx4ff2u,wx4f6nt
5070098,wx4g2vr,wx4ff2u,wx49k5w
121053,wx4g2dt,wx4gt3g,wx4ex0m
4944559,wx49mg1,wx4dkwu,wx4e1qu
1959285,wx4egu5,wx4e57b,wx4grr6
1627129,wx4s4k6,wx4g0he,wx4f5z4
3598281,wx4gj46,wx4dgyg,wx4ezdg
392385,wx4dgyg,wx4gj46,wx49qep
1426250,wx4ghn4,wx4f6xt,wx4g3eh
4728280,wx4ejz1,wx4eqqd,wx4f8fu
4172161,wx4sq3n,wx4uzkn,wx4u5k6
4251756,wx4grnf,wx4evem,wx4gr7g
3131357,wx4eq5w,wx4gc9j,wx49cx2
141648,wx4eq7k,wx4dq95,wx4gr95
2761612,wx4gfuy,wx4vp12,wx4sqhv
4782311,wx4dhnx,wx4gjbv,wx4gp8e
3597416,wx4g3tm,wx4e5mu,wx4ft2h
4462539,wx4f3ue,wx4uxbz,wx4dyuj
4185553,wx4u1pr,wx4gsq6,wx4efx8
2100444,wx4fj1f,wx4enn8,wx4g6s2
2610006,wx4u0cp,wx4ghn4,wx4g3eh
419184,wx4935y,wx4eq7k,wx4uhgx
378669,wx4e5kz,wx4uc9d,wx4uy0p
3392988,wx4dwc3,wx4d58f,wx4fdkw
5069442,wx4ej4d,wx4dqed,wx4f123
4317507,wx4dh7n,wx4fxwc,wx4dkwu
2942858,wx4up81,wx4eqqd,wx4f8fu
4956838,wx4f86z,wx4dwc3,wx4e4b9
258407,wx4dp1x,wx4eq7k,ws0eftt
1497438,wx4f5z4,wx4g0he,wx4gqp7
5088309,wx5523u,wx4g2vr,wx4f6nt
4961426,wx499k6,wx4eq5w,wx4fn12
1645143,wx4fenx,wx43z64,wx4en1n
870916,wx4upd6,wx4gt3g,wx4em2v
2657054,wx4dx8w,wx4gkyv,wx4fdg1
967612,wx49wsx,wx54b9h,wx4ex0n
2967691,wx4ez5n,wx4dgyg,wx4grbr
1747009,wx4f2x1,wx4dmx7,wx4cy57
1397845,wx4emns,wx4skhq,wx43jk6
2656931,wx4eyfd,wx4c8kd,wx4gc9v
1253098,wx4dtp6,wx4cudg,wx4fenx
4609303,wx49xz8,wx4e4p0,wx4d22k
4942936,wx4ur9j,wx4gphn,wx4eq7k
1289853,wx4fj1f,wx4dmdx,wx4f2x1
3710893,wx4dhvc,wx4fv7f,wx4e5mu
1506718,wx4u0cp,wx5506h,wx49znx
4818603,wx4dhnx,wx4ejkq,wx4g3tm
2479038,wx4u00g,wx4snc4,wx4gp0r
1045018,wx4dz1b,wx4sjvb,wx4dgph
3612716,wx4dfxg,wx4dnm7,wx4fb7v
1039595,wx4gc1b,wx4sndk,wx4emns
1154041,wx49xp8,wx4cbr6,wx54b9h
3200755,wx4dhnx,wx4dwrm,wx4gp8e
84355,wx4evem,wx4f66q,wx4g2vr
1041025,wx4g7tt,wx4gkyv,wx4e1cv
4223208,wx4eq7k,wx4sh71,wx4gr95
4412912,wx4fhc5,wx49gn2,wx4efrz
4546346,wx4squg,wx4gr95,wx4ep7s
3316845,wx4u5k6,wx4ff2u,wx4cc8f
231602,wx4f66q,wx4cgvy,wx499k6
3899776,wx4gjbv,wx4fwqz,wx4dhnx
1983215,wx4ctph,wx4fmnf,wx4fp50
553218,wx4gc9j,wx49gn2,wx4efrz
1641775,wx49csp,wx49tu3,wx4f7mz
2171798,wx4g7tt,wx4e1cv,wx4uqf0
2000416,wx4f7mz,wx49csp,wx49c0q
3368062,wx5h29h,wx4eygh,wx49eqf
5171050,wx550sh,wtw39c4,wx4fen2
1602056,wx4fuk5,wx4d3bp,wx4euyg
1616428,wx4dt71,wx4dnsj,wx4en1n
4734721,wx4e4p0,wx4d22k,wx4fwqz
1623852,wx4g2dt,wx4g7tt,wx4gkyv
410122,wx4eqqd,wx4f8fu,wtw39c4
4150270,wx550r7,wx4fzty,wtw39c4
1185796,wx4uqf0,wx4g7tt,wx4cbzk
1883800,wx4dgph,wx4fv3t,wx4ffsy
4452798,wx4gk2v,wx4ge26,wx4fg9m
1583566,wx4dzb2,wx4enn8,wx4g6s2
1465706,wx4g4y0,wx4u6mr,wx49byg
1697554,wx4g7tt,wx4upd6,wx4uqf0
1284480,wx4fqb6,wx4fv3t,wx4ffsy
5091684,wx4f23p,wx4gcht,wx4cfhy
161969,wx4g69s,wx4g6b2,wx4smhp
1141534,wx4sht0,wx4g4yn,wx4u3kc
1499437,wx4dfzu,wx4gsfp,wx4dx8w
4753604,wx4fs2g,wx49qkk,wx4g0vg
5158536,wx499y3,wx4g0ud,wx4u2xr
1691738,wx4dfzu,wx4gnkw,wx5hd2p
2040067,wx4sjvb,wx4dz1b,wx4et0u
94669,wx4g3eh,wx4f6xt,wx49znx
1676040,wx4ek25,wx4sjvb,wx4et0u
60073,wx49eqf,wx4cw78,wx4dkwu
2710573,wx49286,wx4djsv,wx551h2
4261214,wx4um8f,wx550sh,wx49fz5
477943,wx4gjhk,wx4g556,wx4uqrs
1328247,wx4enn8,wx4en1n,wx4cbr4
4502738,wx4dqed,wx5h8uw,wx4eq7k
5188376,wx4eyu7,wx548xf,wx4cfh9
924573,wx4f3mx,wx4dtcn,wx4fp50
1570151,wx4g97n,wx4gg91,wx4drbr
561948,wx4gbnt,wx4umzv,wx4fzty
520134,wx4eq5w,wx49k5w,wx550xf
2171981,wx4ex9d,wx4dx7s,wx4cy57
4268119,wx4umfh,wx49b79,wx4ew2t
3433900,wx4gp8e,wx4umfh,wx4ew2t
4741759,wx4gpq3,wx4dppq,wx4dxmh
2958781,wx4g9mu,wx4u1pr,wx4gsq6
5118888,wx4g6b2,wx5hhp4,wx4u04z
1438360,wx4dp7c,wx493vy,wx4dqh4
3299861,wx4uy84,wx4gf0p,wx4dd3w
5200351,wx4egs1,wx5524k,wx4fcu1
4832240,wx5h8uw,wx4eppn,wx4dqed
7563,wx4d7k7,wx4dq95,wx4gynd
5021989,wx4cw9q,wx4shkx,wx4ej4d
569706,wx4g2jz,wx550sh,wx4f8fu
1914795,wx549h3,wx4ukdc,wx4u269
5171709,wx4eq7k,wx4gr95,wx4ep7s
3757116,wx4ezwk,wx4u89c,wx4eq5w
4162525,wx4fvzz,wx4ghwm,wx4u19x
1988441,wx4gsfp,wx4upd6,wx4dx8w
3882951,wx4grbr,wx54b1h,wx4gj46
4110988,wx4ezwk,wx4gp8e,wx4dhnx
3025586,wx5523u,wx4f6nt,wx4dh6u
980571,wx4f2x1,wx4dhtv,wx4unqt
3926818,wx4cgvy,wx49k5w,wx4efrz
3093736,wx550cw,wx4dwe8,wm6n8n4
2962553,wx4fhz4,wx4esz9,wx4ep7s
728307,wx4gm83,wx4fcqd,wx4u15h
2906348,wx4g2vr,wx4f6nt,wx4ge26
3660450,wx4gbnt,wx4enwf,wx4g3tm
1825134,wx5hd2p,wx4dtcn,wx4gnkw
896736,wx4g7tt,wx4upd6,wx4fvfs
2522578,wx4fp83,wx4utwt,wx4u91w
4688311,wx4g9mu,wx49pgn,wx4fy5f
1980355,wx4c83q,wx4emxs,wx4gs6u
2980970,wx4dpvx,wx4eyt2,wx4g69s
1166116,wx4uk1z,wx4fmnf,wx54b9h
3180300,wx4gp8e,wx4f7p0,wx4e5kz
4973489,wx550r7,wx4dq95,wx4f45m
4235665,wx4f33j,wx49tz7,wx4egs1
3042791,wx4gjhk,wx4dppq,wx4dxmh
3267390,wx5494k,wx4eq5w,wx4d22k
5149428,wx4ep7s,wx4g526,wx4fcfc
4423978,wx5h29h,wx4eygh,wx4e1qu
3441522,wx4gp8e,wx4umfh,wx4ew2t
3351149,wx550r7,wx4gphn,wx4fz4e
2855286,wx4dn7g,wx4gpeh,wx4ewqg
2358365,wx49bh8,wx4dgqs,wx49c0q
2208289,wx4cufw,wx4e7bz,wx49fxz
3224867,wx4enxu,wx4gk2v,wx5h27u
3419043,wx4g05d,wx4g2vr,wx4upkx
4043803,wx4umfh,wx4gp8e,wx4ftgs
2208568,wx5520s,wx4uw3u,wx4d1ez
1740892,wx4frkj,wx4dx8w,wx4fdg1
3178425,wx4g2vr,wx4f0gd,wx499k6
2230021,wx4enqy,wx4g7tt,wx4fdg1
4068950,wx4su6z,wx4gcht,wx4cfhy
1616540,wx4fenx,wx4en1n,wx4enn8
285924,wx4g2vr,wx4f6nt,wx4ge26
2302872,wx4ek25,wx4sht0,wx4et0u
515954,wx4dnm7,wx4f6nc,wx4gesy
3042469,wx490yc,wx4fuu6,wx49b79
2262217,wx4fedc,wx4skhq,wx4en6k
1993387,wx4dgph,wx4fv3t,wx4dz1b
776139,wx550r7,wx548xf,wx4gphn
5151052,wx4dprj,wx4f9jv,wx4fjds
4252302,wx4demc,wx4gpc6,wx4dz70
1442672,wx49yrs,wx4djcr,wx4g9fn
4031251,wx4fktk,wx4e5kz,wx4dp81
3893148,wx4u1df,wx4ge26,wx4uhhn
1536842,wx4dq5f,wx4gnjh,wx4f0j0
1189314,wx4cbzk,wx4dhtv,wx4en1n
866069,wx4fsvg,wx4g9vw,wx4eh9f
3715881,wx499k6,wx4g2vr,wx4cf9x
796725,wx4dq95,wx4eq7k,wx4gr95
4872296,wx4evem,wx4grnf,wx4g2vr
3809404,wx4euwf,wx4fg6r,wx4dxw6
2162413,wx4ew3b,wx4f7nq,wx4dt71
4463020,wx4grnf,wx4dhnx,wx4u89c
5020963,wx4e4p0,wx4d22k,wx4eq7k
403564,wx4dhnx,wx4gp8e,wx4ezwk
4712722,wx5523u,wx4dgc9,wx492b0
2400560,wx4s4k6,wx5hcqm,wx4grj7
1857133,wx49wsx,wx4ffsy,wx54b9h
293906,wx4g05d,wx4ff2u,wx4f0gd
1905244,wx4vnzj,wx4eh7q,wx4cbr6
62179,wx4g0ud,wx4uqrs,wx4uxbk
4812999,wx550r7,wtw39c4,wx4gdpn
4882799,wx4gc9j,wx49gn2,wx4uhhn
1465690,wx4s5ym,wx4ewqg,wx4f2x1
3548927,wx4g90h,wx4dppq,wx4dxmh
4307679,wx4gc9j,wx4uhhn,wx4f4h5
2649003,wx4swr6,wx4cbzk,wx4g7tt
899540,wx4dz6f,wx4f6xt,wx4em2v
4834916,wx4g8ym,wx43xkp,wx4sngp
1154866,wx49zwq,wx4enn8,wx4d546
1538122,wx4f3mx,wx4g3eh,wx4f6xt
4871523,wx4eq5w,wx4e4p0,wx4u89c
762328,wx4eq5w,wx4drbz,wx4f4h5
4057300,wx4dfxg,wx4935y,wx550r7
4498765,wx4grnf,wtw37p0,wx4gj46
2644275,wx4dmdx,wx4f2x1,wx49fxz
193203,wx4f315,wx4e5kz,wx4ev3x
4335268,wx4935y,wx4eq7k,wx4dfxg
3093331,wx4dgc9,wx4ezn9,wx492b0
1905121,wx4gq64,wx4dt71,wx4e1cv
5072998,wx4ff2u,wx4g2vr,wx4ctrq
1896194,wx4ex0n,wx4uqxu,wx49xp8
5023661,wx4gk2v,wx4fg9m,wx4ge26
1997303,wx4d4g6,wx4um1c,wx4dz6f
826036,ws0edmy,wx4snq1,wx4dwnf
1193943,wx54200,wx4f1vq,wx4gcep
682414,wx4gr95,wx4grpj,wx4esz9
4317409,wx4f86z,wx4dwc3,wx4e4b9
1237029,wx49wsx,wx4ffsy,wx4g6qj
4943352,wx490yc,wx4cw55,wx4gs4d
2160466,wx4epr7,wx4f2x1,wx5h8pd
5095512,wx4fvyj,wx4s4v9,wx4gnjk
3422699,wx4spst,wx4gp8e,wx4e5kz
2211386,wx4f2x1,wx4s5ym,wx5h8pd
1369550,wx4cbwm,wx5506h,wx4ek25
4114034,wx4gc9j,wx49gn2,wx4cgvy
1394196,wx49z2m,wx54b9h,wx49wsx
4324632,wx4cgvy,wx4dhnx,wx4gr7g
59347,wx4gc9j,wx4cgvy,wx4uhhn
1884304,wx546uc,wx4eqfq,wx4gc9y
474457,wx4g71y,wx4ghy3,wx4ssn2
4068822,wx49tz7,wx4gse2,wx4dut5
3542190,wx5494k,wx4ezwk,wx4f7ny
1512960,wx4dz1b,wx5506h,wx4et0u
108220,wx4et0u,wx4ghu1,wx4fp50
3065156,wx550r7,wx4fzty,wtw39c4
1631821,wx4dp7c,wx4f0j0,wx4dqh4
4971509,wx49b79,wx4fztr,wx4cw55
2322183,wx493vy,wtw3w4n,wx4f3b6
1789239,wx5h2df,wx5506h,wx4dtp6
1865602,wx49yxq,wx4f3b6,wx4dzub
367023,wx4dhnx,wx4cgvy,wx4u89c
1417471,wx4g39p,wx4gv4e,wx4cvh1
933350,wx55fm5,wx4enn8,wx4u0n2
412069,wx4g2vr,wx4d5hs,wx4cgvy
3746549,wx4e1b1,wx4fwmb,wx4ezfr
1249627,wx543js,wx4g6qj,wx4g5c4
3135693,wx4gcmc,wx4fsvg,wx4fv5d
2578820,wx4dfzu,wx4dx8w,wx4fk01
1036572,wx4gg91,wx4enq2,wx4g97n
2620854,wx4g7tt,wx4dx8w,wx4upd6
3943468,wx49rq2,wx4gjhk,wx4gpq3
4551127,wx4gp8e,wx4e5mu,wx4e5kz
654635,wx4gc9j,wx4uhhn,wx4fg9m
5078126,wx4d73g,wx4dh7n,wx4fxwc
2649112,wx49yxq,wx4dzub,wx4gv39
3030902,wx4g0ud,wx4uqrs,wx4uxbk
1546347,wx4dvt3,wx4enb6,wx4f56g
1737303,wx49wsx,wx4fp50,wx49znx
1391789,wx4upd6,wx4em2v,wx4gt3g
1126895,wx4em2v,wx4gt3g,wx4dz6f
4032421,wx4gc9j,wx4fg9m,wx4ge26
5135251,wx4ff2u,wx4ctrq,wx4f4h5
1372801,wx49zwq,wx4d546,wx4ew3b
1734423,wx4upd6,wx4gt3g,wx4em2v
3144352,wx4dhnx,wx4gjbv,wx4ft2h
3642801,wx4u04z,wx49fz5,wx4ew1p
3010166,wx5h8uw,wx4dnm7,wx4eppn
923462,wx4gs5k,wx43jk6,wx4gnwm
3716272,wx4f45m,wx4u1pr,wx4gsq6
4778068,wx4sez1,wx4f9jv,wx4ev4q
3097067,wx4cgvy,wx4dwrm,wx4gr7g
4039803,wx4gk2v,wx4fg9m,wx4ge26
16645,wx4e5kz,wx4ev3x,wx5494k
2559420,wx4dx8w,wx4fdg1,wx4gkyv
4065647,wx4fzty,wtw39c4,wx4fen2
4276608,wx4u05t,wx4eq5w,wx4efrz
2334546,wx4utcv,wx4g5c4,wx4fs32
2692832,wx4g2dt,wx4ew3b,wx4fenx
333748,wx4dhnx,wx5494k,wx4dwrm
2110502,wx5506h,wx49znx,wx5h2df
2969792,wx4fy5f,wx4umfh,wx4gp8e
4384880,ws0eftt,wx4sv68,wx4ek9y
1364777,wx4fuef,wx4u1kr,wx4e1uv
2065893,wx4sjvb,wx4dz1b,wx4g6qj
2169137,wx4epr7,wx4f2x1,wx4s5ym
2328148,wx4dz1b,wx4sjvb,wx4dgph
3020630,wx4enwf,wx4e5mu,wx4uyb6
840538,wx5k2s0,wx4gt1g,wwe0tfx
4104347,wtw37p0,wx54c5n,wx4egm7
2688919,wx5506h,wx4ezv4,wx49znx
1746149,wx4ew3b,wx4en1n,wx4fenx
3503210,wx4eq7k,wx4935y,wx4um8f
3940377,wx4uqrs,wx4f86z,wx4uxbk
1104880,wx4exmd,wx4gz10,wx4um1c
2851807,wx4cuww,wx4f56g,wx4egq9
4004728,wx4eq5w,wx4efrz,wx4dh6u
4243698,wx499k6,wx4eq5w,wx4cf9x
1959842,wx4g4q5,wx4d7fh,wx4fcdy
4066552,wx4dhvc,wx4ezcp,wx4esz9
2737198,wx4gqp7,wx4dexm,wx4d4g6
2268316,wx49wym,wx4d7fh,wx4g423
3781094,wx49rq2,wx4d7nd,wx4gjhk
1383910,wx4dut8,wx4swh2,wx4u2bv
172709,wx49tz7,wx4eytq,wx4gse2
4206148,wx4fzty,wx4umzv,wx4g3tm
751628,wx4935y,wx4eq7k,wx4uhgx
1355283,wx4sszh,wx4fwsw,wx4snj6
1991754,wx4cbzk,wx4g7tt,wx4swr6
694548,wx4efrz,wx49gn2,wx4gk2v
1708327,wx4cwgu,wx4smdh,wx4dju6
5051124,wx4eq7k,wx4f5q4,wx4uyb6
3209617,wx4eyt2,wx49rq2,wx4deqb
3919224,wx4eq5w,wx4efrz,wx4gk2v
4857227,wx4g2vr,wx4f6nt,wx5523u
39713,wx4grnf,wx4gdf4,wx4dp92
3636675,wx4ex2h,wx4fjds,wx4ev4q
56620,wx4ejsq,wx54be7,wx4gm09
2228849,wx4dtcn,wx4gnkw,wx49znx
2137146,wx4grkj,wx4u1zh,wx4dz05
1824663,wx4fs51,wx4dq5f,wx4fp50
315015,wx4eq7k,wx4gynd,wx4f18d
2311789,wx4cudg,wx4dtp6,wx4skhq
1568193,wx4dfzu,wx4gnkw,wx4cy57
5071574,wx4dwc3,wx4ftgs,wx4uv29
4836957,wx4eq7k,wx4gr95,wx4f5q4
2113394,wx4dt71,wx4e1cv,wx4f7nq
2806339,wx4fqb6,wx4g7e5,wx4fv3t
2032313,wx4fp50,wx5506h,wx4et0u
1781797,wx4gt3g,wx4em2v,wx4gkyv
2530285,wx4g2dt,wx4fenx,wx4dhtv
636441,wx4dwc3,wx4g7qp,wx4gpmw
5095658,wx4fjds,wx4f4h5,wx4f9jv
4315105,wx4f23p,wx4f13s,wx4uqfb
1852306,wx4gt3g,wx4em2v,wx4gpnn
2521874,wx49wsx,wx4ffsy,wx4dgnz
655714,wx4grnf,wx4uzkn,wx4u5k6
2626113,wx4dqh4,wx4gg7m,wx4994c
1942432,wx4f2x1,wx4dhtv,wx49fxz
296009,wx4u89c,wx4e5kz,wx4uc9d
4035616,wx4ejz1,wx4eqqd,wx4f8fu
4045621,ws0edmy,wx4ff2u,wx4ctrq
3876870,wx4eq3m,wx54be7,wx49b9m
3800878,wx499k6,wx4g2vr,wx4fn12
4727419,wx4f4h5,wx4e5m8,wx4fg9m
5165663,wx4935y,wx4eq7k,wx4uhgx
1109770,wx4f9t7,wx4cufw,wx4u467
1528016,wx4f2zx,wx49xp8,wx4ex0n
2751922,wx4dmdx,wx4f7nq,wx4ew3b
364463,wx4f0gd,wx4ff2u,wx4g05d
500594,wx4grnf,wx4u89c,wx4uzkn
2634079,wx4erwp,wx4ewqg,wx4eq8v
2125396,wx4skhq,wx4gcty,wx4gne6
322981,wx4eq3m,wx54be7,wx49b9m
3837391,wx4ff8j,wx4grnf,wx4uzkn
3008781,wx4g90h,wx4dppq,wx4dxmh
3155509,wx4fy5f,wx4umfh,wx4dtjg
198838,wx4gs9r,wx4e98z,wx49sqc
2199913,wx4fedc,wx4skhq,wx4en6k
1884945,wx4fj1f,wx4enn8,wx4ew3b
1411581,wx4uqf0,wx4emns,wx4g7tt
3669714,wx4f4h5,wx4durn,wx4svb0
3749044,wx4dyf4,wm6j8jh,wx4gp6y
100326,wx4um1c,wx4gz10,wx4gj9r
3041714,wx4ctkf,wx4fexx,wx4g402
4829046,wx4dfxg,wx4935y,wx4eq7k
4272046,wx548xf,wx4f18d,wx499y3
4688500,wx4fg1g,wx4fktk,wx4f7ny
2976809,wx4umfh,wx4dwc3,wx4ftgs
2042286,wx4g6p2,wx4dzub,wx4ek25
4311936,wx4fg1g,wx4fk4h,wx4f7ny
3836637,wx49gn2,wx4efrz,wx4uhhn
1777535,wx4g2gb,wx546uc,wx4eqfq
3598043,wx4d6ys,wx499k6,wx4d476
3555042,wx4cgvy,wx49k5w,wx550xf
4901151,wx4ghwp,wx4fgbn,wx4ccq8
743080,wx4dq95,wx4eq7k,wx4gynd
4981947,wx54be7,wx4ctqk,wx4eu2y
1397369,wx4gt3g,wx4em2v,wx4gkyv
3473379,wx4g556,wx4935y,wx4eq7k
2941436,wx4uzkn,wx4sngp,wx4cg1m
2081201,wx493vy,wx4dezf,wx4g2t4
3491593,wx4g3tm,wx4d22k,wx4ejkq
3469009,wx4eq7k,wx4sh71,wx4dq95
3447426,wx4fs2g,wx4dqy1,wx4gjx1
2602375,wx4exmd,wx4sphd,wx4ug2t
2312098,wx4dz6f,wx4gqp7,wx4f5z4
4396633,wtw39c4,wx4eq7k,wx4uyb6
1491421,wx4g3eh,wx4f6xt,wx4dtcn
2735781,wx4gt3g,wx4em2v,wx4ex0m
3832943,wx4cfh9,wx4ccq8,wx4ctkf
2631796,wx4g75c,wx49fky,wx4gw35
3983025,wx4grnf,wx4evem,wx4ff8j
3683114,wx4gmbf,wx4d73g,wx4fkvn
2514306,wx49cpg,wx4g2dt,wx4dmx7
3543109,wx4dhvc,wx4e5mu,wx4gjbv
5051766,wx548xf,wx4skqn,wx4dv3r
2924123,wx4dh7n,wx4gpmw,wx4fxwc
2433152,wx4enn8,wx4u0n2,wx4en1n
746115,wx4gncm,wx4g8cy,wx4f6sv
1491457,wx4fmnf,wx4dgph,wx4dz1b
2385573,wx4cdcn,wx4gs6u,wx4dskv
4298382,wx4eq7k,wx4gphn,wx4935y
3966148,wx4eytq,wx4fnrn,wx4gcxt
3693229,wx49b79,wx4umfh,wx4ew2t
5050833,wx4sv3d,wx4g5h7,wx43xkp
193184,wx4uqrs,wx4dv3r,wx4g0n3
3635663,wx4dhvc,wx4g556,wx4935y
3669777,wx4dfxg,wx4dwc3,wx4dv3r
2597748,wx4uqxu,wx4gm82,wx4efzv
3213366,wx4eppn,wx4eq7k,wx4gr95
5096581,wx4uv29,wx4dut5,wx4umfh
3351329,wx4d6ys,wx4f52m,wx49gn2
2625128,wtw3w4n,wx4cbr6,wx49tu3
2376465,wx4f3z3,wx4fhcu,wx4gj0v
2487365,wx4dfzu,wx4g7tt,wx4gnkw
2920312,wx4ctkf,wx4g402,wx4cfh9
5062677,wx499k6,wx4fn12,wx4ezwk
2978276,wx4esz9,wx4gcht,wx4erss
4260974,wx4eqqd,wx4f8fu,wx4uyb6
3282665,wx4g2vr,wx499k6,wx4fn12
814455,wx4smtm,wx4fztr,wx4gcy1
1573012,wx5506h,wx49znx,wx4et0u
4558653,wx5494k,wx4f315,wx4u05t
4049014,wx4fvyj,wx4s4v9,wx4gnjk
186253,wx4dhvc,wx4935y,wx4g556
4562698,wx4vpnw,wx4ev4q,wx4ge65
195956,wx4dhnx,wx4gjbv,wx4dwrm
3816096,wx4e4p0,wx4d22k,wx4gbnt
4847601,wx4esz9,wx4gdpn,wx4dqv1
4551333,wx4grnf,wx4cgvy,wx4dhnx
3743838,wx4cfmm,wx54817,wx4uyb6
5170423,wx49fz5,wx49mg1,wx4ewds
5161954,wx4dftm,wx4dxw6,wx4gcmc
1367551,wx4cbwm,wx5506h,wx49znx
347600,wx4eq7k,wx4dq95,wx4f5q4
2236203,wx4dq5f,wx4fp50,wx4gnjh
766095,wx4f7p0,wx4umzv,wx4g3tm
3750305,wx4gj46,wx4dgyg,wx4cf9x
2128775,wx4g7tt,wx4e1cv,wx4upd6
1480557,wx49xp8,wx4ex0n,wx4gyjr
4544414,wx4sq3n,wx4fnrn,wx4umzv
3710530,wx4grnf,wx4gr7g,wx4u89c
3691526,wx4dq7n,wx4um8f,wx4f5q4
4469796,wx4u1df,wx4sez1,wx4f4h5
3704269,wx4deqb,wx4g69s,wx49rq2
3310029,wx4e4p0,wx4dqed,wx5h8uw
1093083,wx4dt71,wx5506h,wx4dnsj
4199738,wx548xf,wx4gphn,wx4skqn
4047957,wx49gn2,wx4efrz,wx4f6nt
5019199,wx4dhnx,wx4g8ym,wx4cgvy
1837145,wx4u0cp,wx4ghn4,wx5506h
2719297,wx4dz1b,wx5hd2p,wx4u2qr
2042326,wx4cudg,wx4fenx,wx4ek25
1413658,wx4epr7,wx4f2x1,wx4s5ym
2856506,wx4etsn,wx4dz05,wx4euzj
313941,wx4g5t0,wx4fg6r,wx4dxw6
3425006,wx4g2jz,wx4f8fu,wx550sh
537516,wx4f86z,wx49mg1,wx499y3
1038322,wx49zn2,wx4u51u,wx4dfjv
4261495,wx4dhnx,wx4ejkq,wx4gjbv
2285771,wx49zn2,wx4fc4e,wx4gtsy
1217451,wx5h2df,wx4e538,wx4ezv4
5148875,wx4dqed,wx5h8uw,wx4eq7k
3815920,wx5h2ue,wx4ek3f,wx4ss35
4863481,wx54c5n,wx4f7ny,wx4umfh
1068848,wx5506h,wx4d1ns,wx49znx
4904079,wx4fwmb,wx4snf2,wx4fxwc
4693204,wx4ej4d,wx4dnm7,wx4gesy
5145696,wx4grnf,wtw37p0,wx4grk6
2025049,wx4e1cv,wx4dhtv,wx4sk75
2737372,wx4ctph,wx4dq5f,wx4gnjh
2702023,wx4g2dt,wx4dx8w,wx4fdg1
1081931,wx4cb4n,wx4g4yn,wx4sszh
4098673,wx4e1bf,wx4e3gq,wx4u58f
5198313,wx4enk3,wx4fvhh,wx4ue41
278018,wx4g8ym,wx43xkp,wx541ys
2545936,wx4dmdx,wx4f7nq,wx49fxz
139191,wx4emns,wx4skhq,wx4u0n2
1303581,wx4cbwm,wx4et0u,wx5506h
398024,wx499k6,wx4cf9x,wx4eq5w
2626689,wx4gj9r,wx4uh50,wx4ex0m
1092763,wx4dq5f,wx49wsx,wx4fp50
4791622,wx4g402,wx4u04z,wx4dt7d
4651055,wx490yc,wx4e1bf,wx4fv7f
1726654,wx4dfzu,wx5hd2p,wx4gnkw
4092586,wx4gpmw,wx4exz5,wx4dkwu
1940928,wx4dtp6,wx4cudg,wx4et0u
1865827,wx4sht0,wx4uvb3,wx4dzub
4658840,ws0eftt,wx4sv68,wx4ek9y
4113092,wx4dv3r,wx4gphn,wx4fb7v
2998011,wx4dnm7,wx4esz9,wx4dp0k
2186847,wx4dju6,wx4f4y6,wx4dx7s
1477995,wx4gj9r,wx4ex0m,wt022uu
3095404,wx4squg,wx4ep7s,wx4g526
49854,wx4u1df,wx4f4h5,wx4dppc
1380660,wx4dgph,wx4snc4,wx4dp7c
1272108,wx4dmx7,wx4cbzk,wx4unqt
2448449,wx4upd6,wx4gt3g,wx4em2v
4018635,wx4dxpg,wx4dqwj,wx4ev4q
4948607,wx4dq7n,wx4eq7k,wx4gr95
1132936,wx4dfzu,wx5hd2p,wx4gnkw
298761,wx499k6,wx4f66q,wx4dhnx
4113893,wx4g2vr,wx499k6,wx4fn12
209824,wx49vy6,wx4fjds,wx4gk2v
4997647,wx4e4p0,wx4d22k,wx49fz5
3232233,wx49fny,wx4fbxz,wx4sx8p
3228700,wx43xkp,wx4g8ym,wx4fktk
500991,wx4cgvy,wx4f4h5,wx4drbz
1998878,wx49bh8,wx43jk6,wx4g6s2
3688523,wx4grnf,wx4gr7g,wx4u89c
4125253,wx4sntz,wx4ej4q,wx4umzv
2759757,wx4fj1f,wx4f2x1,wx4dhtv
1114964,wx4dx8w,wx4gkyv,wx4e1cv
185296,wx4dqed,wx5h8uw,wx4eq7k
1542003,wx4g7tt,wx4cbzk,wx4gkyv
952771,wx49bh8,wx4g6s2,wx4gpeh
3238739,wx499k6,wx4cf9x,wx4sr8p
4678265,wx4dfxg,wx4dxmh,wx49cjj
683699,wx4fs3k,wx4gk2v,wx4ge26
4975118,wx4d7k7,wx548xf,wx4fz4e
1183589,wx4gwyw,wx4uqxu,wx4d7gw
5212317,wx4ewru,wx5h8uw,wx4g834
4300528,wx4fg1g,wx4fk4h,wx4su8u
1135963,wx4dz6f,wx4gt3g,wx4em2v
2257292,wx4gz10,wx4exmd,wx4um1c
3111438,wx4gdj0,wx4sngp,wx4fu6h
316845,wx4u58f,wx4g402,wx46pn4
2258972,wx4dfzu,wx4g7tt,wx4uqf0
2481831,wx4dz1b,wx4sjvb,wx4et0u
3482550,wx4uh1n,wx4snk4,wx4fk4h
1248424,wx4fp50,wx4et0u,wx4sjvb
3415301,wx4fg1g,wx4gndk,wx4e5kz
3700764,wx4cfmm,wx4umzv,wx4uyb6
3985260,wx4dhvc,wx4dq95,wx4um8f
5135172,wtw39c4,wx4fzty,wx4fen2
4422716,wx4dv3r,wx4skqn,wx4gphn
1858716,wx4d546,wx4enn8,wx4en6k
1702352,wx4enq2,wx49wym,wx4evr5
122972,wx4ghn4,wx4f6xt,wx4g3eh
4751376,wx4gpmw,wx4g36w,wx4uv29
3304854,wx4ezwk,ws0eftt,wx4eq99
5176156,wx4g2vr,wx4f6nt,wx4dh6u
1367967,wx4frkj,wx4g355,wx49fs4
4618426,wx49eqf,wx5524k,wx4cw78
5111967,wx4fjqb,wx4f23p,wx4ccq8
1701960,wx4egb1,wx4sht0,wx4eqfq
2461039,wx4gpeh,wx5h2df,wx4dt71
2518840,wx4g7tt,wx4uqf0,wx4upd6
2506217,wx4g2gb,wx4uqxu,wx4gwyw
442527,wx4ev4q,wx4e98z,wx4uw9c
162170,wx4dqjx,wx552dd,wx4gqht
1540311,wx4dmdx,wx4f2x1,wx4f7nq
3293085,wx4g05d,wx4g2vr,wx4f0gd
3612687,wx49eqf,wx4e1qu,wx4eygh
4599137,wx4cgvy,wx4gjc2,wx4dh6u
60371,wx4ss35,wx5h32f,wx4dyf4
5106287,wx4ewru,wx4fhy1,wx4fg6r
681644,wx499k6,wx4eq5w,wx4fn12
389224,wx4f7p0,wx4umzv,wx4g3tm
3049774,wx4fy5f,wx4ek3f,wx4umfh
986186,wx4gpeh,wx4skhq,wx4enn8
2171651,wx4u0cp,wx4ghn4,wx5506h
3270898,wx4g0n3,wx4g8ym,wx541ys
722708,wx4dn9x,wx5h6yb,wx4dp92
1256399,wx4upd6,wx4em2v,wx4dt71
4770043,wx4eq5w,wx5494k,wx4g1cy
1356017,wx4eqfq,wx4f7mz,wx4gkmj
2747360,wx4frkj,wx4enqy,wx49zwq
2458974,wx4enqy,wx4g7tt,wx4fdg1
200299,wx4fzty,wx4umzv,wtw39c4
2630327,wx49ztx,wx4fj1f,wx4uw3b
3333529,wx4f4h5,wx4durn,wx4svb0
5161604,wx4fzty,wx4umzv,wx4g3tm
344991,ws0eftt,wx4sv68,wx4ek9y
2629915,wx5h6rw,wx4dt71,wx4dnsj
1165072,wx4ghn4,wx4f6xt,wx4g3eh
3622479,wx4e4p0,wx4d22k,wx4up81
923630,wx4dfzu,wx4g7tt,wx4gnkw
2638242,wx4uw3u,wx4su9u,wx4dhme
4300313,wx4efx8,wx4cc8f,wx4gsq6
3888141,wx4dhnx,wx4gp8e,wx4gjbv
4109747,wx4e4p0,wx4d22k,wx4ffu8
4030168,wx4f123,wx5h8uw,wx4dqed
1732784,wx4e538,wx493vy,wx4dzub
4499065,wx4eq7k,wx4grpj,wx4esz9
3489121,wx4e5kz,wx4uc9d,wx49bqs
1458504,wx4ctph,wx4dq5f,wx4gnjh
1631730,wx4dq5f,wx4fp50,wx4et0u
2833235,wx4sv0b,wx4f6x0,wx4gs6u
567071,wx4eq5w,wx4d22k,wx4ezwk
2992924,wx4fjds,wx4gk2v,wx4dqwj
1066246,wx49yxq,wx4dzub,wx4dtp6
4641637,ws0eftt,wx4eq7k,wx4dq7n
3106764,wx4cw9q,wx4shkx,wx4eq7k
5043818,wx499k6,wx4g2vr,wx4fn12
3406172,wx4cfh9,wx4ccq8,wx4ctkf
4823053,wx4dhnx,wx4gjbv,wx4dwrm
1771375,wx4dz1b,wx4dgph,wx4sjvb
5032631,wx4gcht,wx4eq69,wx4erss
1070257,wx4g75c,wx49fky,wx4shsx
4754688,wx4eq7k,wx4dq7n,wx4gr95
890986,wx4fenx,wx4en1n,wx4g2dt
4498286,wx4sngp,wx4cg1m,wx4fsvg
2680158,wx4fuef,wx4e7bz,wx49fxz
3985955,wx4f45m,wx4u1pr,wx4gsq6
2283874,wx4sgun,wx4dfjv,wx4dhme
3901703,wx4dwrm,wx4dhnx,wx4g3tm
4385218,wx4cssg,wx4g9vw,wx4fsvg
409826,wx4d6ys,wx499k6,wx4fn12
3088352,wx4egs1,wx5524k,wx4gn9y
2851747,wx5h8pd,wx4f2x1,wx49fxz
1794621,wx4s4k6,wx4frkj,wx49fs4
4354538,wx548xf,wx4dwc3,wx4gphn
376898,wx4shkx,wx4gesy,wx4gjhk
2624745,wx4uqf0,wx4g7tt,wx4gkyv
4295817,wx4d7k7,wx4f86z,wx4e4b9
2367374,wx493vy,wx4f3b6,wx546uc
974927,wx4f3mx,wx4g3eh,wx4u0cp
4203746,wx4gr95,wx4ep7s,wx4ezcp
2263066,wx4cudg,wx4ek25,wx4cbwm
410051,wx49mg1,wx4dkwu,wx4g36w
3867043,wx4dq7n,wx4sh71,wx4eq7k
3464666,wx4shvv,wx4f23p,wx4un8p
4529706,wx4gbnt,wx4umzv,wx4fzty
4245841,wx4eq7k,wx4gr95,wx4sh71
872087,wx49wsx,wx4ffsy,wx4g6qj
2852008,wx4fk1v,wx4sx9y,wx4f9f9
3588318,wx4efx8,wx4gsq6,wx4ek3f
4755713,wx4f7p0,wx4gp8e,wx4e5kz
589358,wx4f4h5,wx4f9jv,wx4ev4q
4036371,wx49ym2,wx4gjx1,wx4u392
3154964,wx4drbz,wx4eq5w,wx4ezwk
3998994,wx4dhnx,wx4ejkq,wx4gjbv
1900547,wx4ctph,wx54bzn,wx4fmnf
3245130,wx4grbr,wx54b1h,wx550xf
64656,wx4e1bf,wx4fv7f,wx4ekvb
2010765,wx4f5z4,wx4f0kh,wx4g0he
3596016,wx4u620,wx4guq1,wx4uxbg
4828909,wx4umzv,wx4uyb6,wx4uy0p
92779,wx4geww,wx4eq5w,wx4f6nt
961689,wx4dfzu,wx4swr6,wx4gnkw
4272341,wx4935y,wx4g556,wx4eq7k
1061858,wx4dp7c,wx4cvh1,wx5480m
2364333,wx4gq64,wx4dmx7,wx4unqt
3802539,wx4fy5f,wx4umfh,wx4ek8v
2705592,wx4dx8w,wx4gkyv,wx4e1cv
536026,wx4f45m,wx4gcxt,wtw39c4
2502264,wx4ghn4,wx4dfzu,wx4gnkw
2767255,wx5h2df,wx4gpeh,wx4dt71
4977411,wx5he7c,wx4u5k6,wx4fktk
242117,wx4gc9j,wx4dxpg,wx4fg9m
3799256,wx4egm7,wx4fsvg,wx4g9vw
1019240,wx4dgph,wx4fv3t,wx4dz1b
5173963,wx4gj46,wx4dgyg,wx4grk6
1458092,wx4gq64,wx4swr6,wx4upd6
5180877,wx4u40u,wx5h8uw,wx4c1kc
4213866,wx4enwf,wx4e5mu,wx49xz8
4480347,wx4evem,wx4f66q,wx4gr7g
2837711,wx4egb1,wx4sjvb,wx4et0u
969806,wx4dtp6,wx4f3b6,wx4fenx
331758,wtw39c4,wx4uyb6,wx4eq7k
1679222,wx4d1ez,wx4gqsk,wx4swnz
2443325,wx4dgph,wx4fv3t,wx4dz1b
4240247,wx4g9mu,wx4fnrn,wx4eytq
1855373,wx4g3eh,wx4u0cp,wx4ezv4
5106959,wx4eq5w,wx4ey93,wx4ezwk
1962649,wx4gq64,wx4erwp,wx4dmx7
3219980,wx4sqt0,wx4dfxg,wx4d7nd
4352099,wx4uqrs,wx4esz9,wx4ezcp
919774,wx4dgph,wx4dqh4,wx4gg7m
506145,wx4dwc3,wx4g0ud,wx4g7qp
2397447,wx4ghn4,wx4f6xt,wx4g3eh
1814346,wx4eyfd,wx4exmd,wx4c8kd
3390291,wx4gnjk,wx4f5q4,wx4uq1h
1324932,wx4u0cp,wx5506h,wx49znx
4723635,wx4f52m,wx49gn2,wx4efrz
1268424,wx4dz6f,wx4emns,wx4g2d3
3900010,wx49xz8,wx4dhnx,wx4gjbv
3331282,wx4gm83,wx4fcqd,wx4unhq
2275182,wx4u00g,wx4g348,wx4gp0r
3565285,wx4gm09,wx4dgc9,wx4ejsq
1599163,wx4e56c,wx4dubq,wx4snr4
5202971,wx4f4h5,wx4dppc,wx4uhhn
4802284,wx4ej5b,wx4u1dm,wx4f45m
2999119,wx4fy5f,wx4efx8,wx49pgn
1500752,wx4dz1b,wx4emns,wx4cewx
1568422,wx4d3bp,wx49fs4,wx4frkj
2998685,wx54c5n,wx4fg1g,wx4fktk
2214730,wx4emns,wx4skhq,wx4u0n2
3031461,wx4ejkq,wx4dhnx,wx4ek9y
2686680,wx4upd6,wx4gt3g,wx4em2v
3611191,wx4squg,wx4ep7s,wx4gr95
1899997,wx4fmnf,wx4ctph,wx4egb1
2208652,wx4dgph,wx4dz1b,wx4g6qj
213120,wx4gpq3,wx4dppq,wx4dxmh
220586,wx4e5kz,wx4uc9d,wx4u89c
1104675,wx54bv1,wx4u2bv,wx4cbr6
1661300,wx4fd86,wx4ewqg,wx4cy57
2965006,wx4dhnx,wx4gjbv,wx4g3tm
1772473,wx4et0u,wx4cbwm,wx5506h
3902160,wx4gc7b,wx4dxpg,wx4dgc9
5063304,wx4eq7k,wx4dq95,ws0eftt
361520,wx4eq5w,wx49k5w,wx4efrz
3105669,wx4eq5w,wx4e4p0,wx4u89c
4375373,wx4grnf,wx4uzkn,wx4gj46
62993,wx4up81,wx4eqqd,wx4ejz1
19020,wx4gc7b,wx4ev4q,wx4uw9c
1632495,wx4u00g,wx4vnzj,wx4gp0r
1028822,wx4fuk5,wx4d3bp,wx4gs6u
2557341,wx4cb4n,wx4gnwm,wx4sszh
2592774,wx4snc4,wx4dy22,wx4cewx
3190759,wx4gesy,wx4shkx,wx4dwc3
3305681,wx4e4p0,wx4dqed,wx5h8uw
5026996,wx4ss35,wx4fc4u,wx4djub
4314378,wx4g2vr,wx4f0gd,wx4sn0d
4836280,wx4eq5w,wx4grnf,wx4e4p0
3649352,wx5494k,wx4e5kz,wx4cu0v
404421,wx4cfmm,wx4eq7k,wx4uyb6
3731617,wx4ctkf,wx4cfh9,wx4g402
1021247,wx49znx,wx5506h,wx4dz1b
4467645,wx4gp8e,wx4e5kz,wx4dzep
3341384,wx49pgn,wx4eytq,wx4d5ch
946366,wx4drbr,wx4gj0v,wx4f3z3
3943296,wx5he7c,wx4eytq,wx4fnrn
4291500,wx49xz8,wx4ek9y,wx54817
2284140,wx4f4y6,wx4utwt,wx4uhr4
4677097,wx4dh7n,wx4dkwu,wx4uxbk
835109,wx4ff2u,wx4fg1g,wx4fktk
170482,wx4ezcp,wx4uqrs,wx4esz9
1417696,wx4g3eh,wx4dz1b,wx4u2qr
801264,wx4ew5u,wx4f69x,wx4eymw
989166,wx4gnwm,wx4dn7g,wx492b8
2295173,wx4dfzu,wx4swr6,wx4g7tt
2904417,wx4982n,wx4fvqj,wx4gcrg
154519,wx4g05d,wx4g2vr,wx4f0gd
4141655,wx4evkp,wx4982n,wx4fd9s
2233337,wx55017,wx4stbm,wx54b9h
119797,wx4dz1b,wx4cewx,wx4g6qj
3852594,wx4dhnx,wx4u89c,wx4d4vq
1675456,wx4fh0k,wx4djf9,wx4gz10
2196391,wx4fs51,wx4dq5f,wx4gnjh
977425,wx4fs51,wx4dq5f,wx4gnjh
948786,wx5506h,wx49znx,wx4f3mx
23950,wx4evem,wx4g2vr,wx4subk
2545098,wx4dq5f,wx4gnjh,wx4fs51
2380651,wx493vy,wx546uc,wx4f7mz
3333628,wx4umfh,wx49b79,wx4ew2t
3802660,wx499k6,wx4cgvy,wx4fn12
267023,wx4gk2v,wx5h27u,wx4fvyd
2749135,wx5506h,wx49znx,wx4dtcn
3433958,wx4dgc9,wx492b0,wx4dtuk
3394628,wx4grnf,wx4evem,wx4gr7g
4858202,wx4demc,wx490yc,wx4fuu6
3188372,wx4gjbv,wx4fwqz,wx4f5q4
260306,wx4fg1g,wx4e5kz,wx4f7ny
2512283,wx4u0cp,wx4ue0v,wx4gt3g
4491574,wx4f33j,wx49tz7,wx4dut5
4833582,wx4extn,wx4ezwk,wx4u89c
2820408,wx4gpeh,wx49csp,wx4f7mz
2842034,wx4enn8,wx4en6k,wx4u0n2
2128913,wx4g423,wx4emns,wx4cbzk
1161754,wx5hd2p,wx4dtcn,wx4f3mx
1476229,wx4u0cp,wx4g7tt,wx4fvfs
4166052,wx4dhvc,wx4ezcp,wx4um8f
5196432,wx4ej5k,wx4f45m,wx4g2jz
1307992,wx4u2bv,wx4gfuy,wx4shw1
1917709,wx4dfzu,wx5hd2p,wx4gnkw
2635200,wx5hd2p,wx4gnkw,wx43z64
3421188,wtw37p0,wx4grk6,wx4fktk
4330186,wx4gr95,wx4squg,wx4eq7k
2448162,wx49zwq,wx4d546,wx4cgg1
1373472,wx4fedc,wx4skhq,wx4e538
199779,wx4935y,wx4eq7k,wx4uhgx
3458802,wx4eq7k,wx4935y,wx4dfxg
991527,wx4gq64,wx4dmx7,wx4f2x1
305466,wx4efx8,wx4ey0m,wx49pgn
2593292,wx4em2v,wx4gt3g,wx4dt71
1838171,wx5506h,wx4dt71,wx5h2df
3688858,wx4gk2v,wx4fvyd,wx5h27u
1342982,wx4u0cp,wx4gt3g,wx4em2v
3425063,wx4e5kz,wx4fg1g,wx5494k
351439,wx4dhnx,wx4ezwk,wx4g8ym
3253407,wx4ej4d,wx4f123,wx4gesy
5049501,wx4dq7n,wx4eq7k,wx4f5q4
3179772,wx4fg1g,wx4e5kz,wx4f7ny
3160343,wx4gyvt,wx4f69x,wx4f38m
3951147,wx4dhnx,wx4ezwk,wx4u89c
1445098,wx5506h,wx4dt71,wx4ew3b
2064549,wx4dfzu,wx4gnkw,wx5hd2p
2575864,wx4ctph,wx54bzn,wx4dzub
523895,wx4umzv,wtw39c4,wx4uyb6
5066410,wx4sh71,wx4dq7n,wx4eq7k
4360649,wx4dxmh,wx4dfxg,wx4gjhk
5000703,wx4fg1g,wx4uh1n,wx4f7ny
4043625,wx4dfxg,wx4fz4e,wx4f18b
920347,wx4dtp6,wx4fenx,wx4f3b6
3139489,wx4cgvy,wx4drbz,wx4dppc
4853721,wx4gdj0,wx49vy6,wx4eyt2
3493619,wtw39c4,wx4uyb6,wx4eq7k
5015480,wx4sntz,wx4gp8e,wx4cc8f
3409571,wx4dfxg,wx4935y,wx4f2c4
2611642,wx4u0cp,wx4g7tt,wx4ghn4
1797565,wx4dz1b,wx4u2qr,wx4cewx
202923,wx4u4m7,wx4fh10,wx4ge9u
2888314,wx5480m,wx4cvh1,wx54bxf
4378966,wx4ejz1,wx4eqqd,wx4uyb6
3736787,wx4d6gs,wx4f38m,wx4dgyg
941752,wx5h2df,wx5506h,wx49znx
3635605,wx4f52m,wx499k6,wx4cf9x
360268,wx4dhnx,wx5494k,wx4cgvy
2967863,wx499k6,wx4f66q,wx4dhnx
2802827,wx4dgph,wx4fv3t,wx4dz1b
3575723,wx4gphn,wx4fz4e,wx4f18b
2143924,wx4ek25,wx4uq2f,wx4cudg
2131860,wx49tu3,wx4f7mz,wx4eqfq
4627097,wx4eq5w,wx4f4h5,wx4drbz
1316891,wx4e538,wx4dtp6,wx4skhq
4123187,wx4eq5w,wx4f6nt,wx4dh6u
3354090,wx49sqc,wx4uy0f,wx4ev4q
2468946,wx49zwq,wx4ek25,wx4sht0
1398320,wx4g2gb,wx4e1f3,wx4g2t4
2858392,wx4f2x1,wx4dhtv,wx49fxz
3275579,wx4e4p0,wx4d22k,wx4eq5w
295607,wx4f86z,wx499y3,wx4u2xr
1708537,wx4gnjh,wx4dq5f,wx4f0j0
252566,wx4ss35,wx4fztr,wx4gcy1
2721211,wx4fenx,wx4g2dt,wx4en1n
3426383,wx4dfxg,wx4935y,wx4f2c4
3324776,wx4dqed,wx5h8uw,wx4dhvc
2246410,wx4g07g,wx4umtd,wx5h72b
3626406,wx4ej4d,wx4f123,wx4935y
4604786,wx4gc9j,wx49gn2,wx4dqhb
4928641,wx4e1tn,wtw37p0,wx4uzkn
2181145,wx4dp7c,wx4g2gb,wx4dqh4
3757544,wx4f6nt,wx4gk2v,wx4g2vr
3701396,wx4g05d,wx4g2vr,wx4f0gd
335291,wx4umzv,wx4fzty,wx4g3tm
3654531,wx4c1kc,wx4f23p,wx4shkx
2944521,wx4dhnx,wx4gp8e,wx4gjbv
468112,wx49vy6,wx4gdj0,wx4fjds
135886,wx5hcqm,wx4d3bp,wx4grj7
44343,wx4gndk,wx4sntz,wx4ev3x
1393370,wx4ek25,wx4sht0,wx4et0u
4013897,wx4ek9y,wx4sv68,wx4fwqz
5204962,wx4u1pr,wx4gsq6,wx4gnjk
2912409,wx4ek8v,wx4dkwu,wx4cbv7
783449,wx4d6ys,wx4f4h5,wx4drbz
4744334,wx54b1h,wx4f38m,wx4g3ew
2483225,wx4f3mx,wx4g3eh,wx4f6xt
552831,wx5494k,wx4ezwk,wx4ev3x
4239282,wx4geww,wx4f6nt,wx4gk2v
1898054,wx4et0u,wx5506h,wx4ghu1
422747,wx4f66q,wx499k6,wx4gr7g
1221028,wx5h2df,wx4dt71,wx43z64
3516085,wx4gn9y,wx4dxw7,wx4drqq
1500422,wx54b07,wx4frkj,wx4g355
2333334,wx4fenx,wx4en1n,wx4enn8
3105401,wx4ek9y,wx4sv68,wx49xz8
1309338,wx4gp14,wx4g8nq,wx493vy
2067163,wx4d3bp,wx4frkj,wx49fs4
401671,wx4gbhq,wx4fjds,wx4f9jv
4075206,wx4ewru,wx4gcht,wx4su6z
2370650,wx4ek25,wx4cudg,wx4cbwm
3747463,wx4g3tm,wx4enwf,wx4ft2h
3480128,wx4dszc,wx4dszu,wx4drkm
709919,wx4g2vr,wx49k5w,wx550xf
2365994,wx4g7tt,wx4uqf0,wx4upd6
3229929,wx4uqew,wx4gncm,wx4g971
1437303,wx4egtm,wx4ups4,wx4u64v
1593738,wx4ek25,wx4cudg,wx4uq2f
606814,wx4sngp,wx4g8ym,wx541ys
433679,wx5524k,wx4g7qp,wx4dju5
5200017,wx4fexx,wx4dt7d,wx4ceww
17878,wx499k6,wx4cgvy,wx4cf9x
4359624,wx4dqed,wx4f123,wx5h8uw
3910173,wx4enwf,wx4eq7k,wx4f5q4
3958278,wx4fgbn,wx4fs2g,wx4g0vg
4312897,wx4cfhy,wx4gcht,wx54bxq
2067485,wx4e57b,wx4fbpp,wx4gz19
78061,wx4fnrn,wtw39c4,wx4gcxt
3863361,wx4f5ch,wx4e47q,wx4g71y
762738,wx4cgvy,wx49k5w,wx4g2vr
3505895,wx4dhnx,wx5494k,wx4gjbv
1503956,wx4g2dt,wx4dx8w,wx4gkyv
2095925,wx4d3bp,wx4frkj,wx49fs4
1552240,wx49xp8,wx4ex0n,wx4d53e
2349786,wx4fenx,wx4dzb2,wx4en1n
1394314,wx4e1cv,wx4dhtv,wx4sk75
3046228,wx4eq5w,wx4geww,wx4efrz
1290382,wx4d5ek,wx5h6rw,wx49csp
4679117,wx4cgvy,wx4dh6u,wx4f6nt
1605533,wx4ew3b,wx4en1n,wx4enn8
494717,wx4dftm,wx4dv5d,wx4f25f
2671452,wx4gz10,wx4um1c,wx4exmd
3955474,wx5524k,wx4gnjk,wx4fcu1
4375429,wx4sn73,wx4fwmb,wx4dmxn
1338960,wx4gnkw,wx5hd2p,wx4dtcn
1399979,wx43w5j,wx4d3bp,wx49fs4
4815588,wx4f33j,wx4u58f,wx4g402
2535047,wx49wsx,wx4fp50,wx4dq5f
4990321,wx4ff8j,wx4e5kz,wx4uc9d
5149752,wx4fnrn,wx4gcxt,wx4eytq
1065831,wx4g3eh,wx49znx,wx4dz1b
1058498,wx5h2df,wx5506h,wx4dt71
3692162,wx4dnm7,wx4esz9,wx4dp0k
4038419,wx4f6ry,wx4uhrd,wx49zhz
1412486,wx4dskv,wx4gs6u,wx4cdcn
2230666,wx4ezv4,wx4gne6,wx4cgg1
5012786,wx4f4h5,wx4svb0,wx4g88z
3142244,wx4fjds,wx4sngp,wx4f9jv
169589,wx4fvzz,wx4g9hx,wx4eqj9
2852589,wx4snc4,wx4cewx,wx4d4p8
5198037,wx4u89c,wx4e5kz,wx4dp81
198208,wx4gk2v,wx4enxu,wx4f6nt
2970844,wx4e5bn,wx49u6r,wx4ey3c
2490636,wx4swr6,wx4g2dt,wx4g423
5118259,wx4gk2v,wx4fjds,wx4sqqm
5145154,wx4ezwk,wx5494k,ws0eftt
5086153,wx4f33j,wx5h29h,wx4e1qu
1132508,wx4unqt,wx4gq64,wx4dmx7
844228,wx4ezwk,wx4u89c,wx4eq99
643053,wx5523u,wx4gdj0,wx4f6nt
3134204,wx4g2vr,wx4f6nt,wx4gk2v
1075247,wx4em2v,wx4dz6f,wx4upd6
3410928,wx4uqrs,wx499y3,wx4g0ud
2645341,wx4fenx,wx43z64,wx4en1n
3968433,wx4fy5f,wx4umfh,wx4f7ny
3080603,wx4fv7f,wx4e1bf,wx49tz7
95631,wx49bh8,wx4dgqs,wx49c0q
3929827,wx4gbnt,wx4umzv,wtw39c4
4059076,wx4f69x,wx5h6yb,wx54be7
3089646,wx4ds0e,wx49xuk,wx4esc8
3142843,ws0edmy,wx4f4h5,wx4g88z
978165,wx4u0cp,wx4f6xt,wx4em2v
1904018,wx4dgph,wx4fv3t,wx4dz1b
4478600,wx4gc9j,wx49gn2,wx4uhhn
868648,wx4eq5w,wx4drbz,wx4ezwk
2001884,wx4dgqs,wx4fddd,wx4gnwm
3010443,wx4f7p0,wx4ff8j,wx4gp8e
4697910,wx4eq7k,wx4gr95,wx4dq7n
3127913,wx4enwf,wx4f39r,wx4e5mu
3373115,wx4gp8e,wx4umfh,wx4ew2t
2469102,wx5h2df,wx4ezv4,wx4gne6
377633,wx4egs1,wx4g2jz,wx4fcu1
2282838,wx43z64,wx43jk6,wx4dnsj
4494587,wx4eq5w,wx4f6nt,wx4geww
999926,wx4f3mx,wx4dtcn,wx5hd2p
333615,wx4935y,wx4dfxg,wx4eq7k
4241553,wx4f33j,wx4uqrs,wx4uxbk
5010144,wx4u89c,wx4e5kz,wx4uc9d
2654763,wx4dx8w,wx4gkyv,wx4gt3g
254428,wx4dfxg,wx4935y,wx4fzty
1730653,wx4g5c4,wx4sny2,wx4gp0r
757779,wx4dv3r,wx4dnm7,wx4gphn
2241846,wx4dfzu,wx4g7tt,wx4gnkw
4147230,wx4eqqd,wx4f8fu,wx550sh
4516045,wx4f66q,wx499k6,wx4gr7g
1011435,wx4cufw,wx4ujyr,wx4g39p
2965210,wx4935y,wx4g556,wx4eq7k
326792,wx4dhvc,wx4f5q4,wx4um8f
2941208,wx4fddk,wx4u4eh,wx49xws
291734,wx4u89c,wx4e5kz,wx4uc9d
2390415,wx4upd6,wx4dz6f,wx4em2v
2327962,wx4fp50,wx4et0u,wx5506h
2341279,wx5h2df,wx5506h,wx4dtp6
4225018,wx4ur9j,wx4g2vr,wx499k6
2758530,wx4fenx,wx4gpeh,wx4en1n
2439239,wx4eqfq,wx4f7mz,wx492b8
2015177,wx4g9b4,wx5h6w3,wx4f5hu
1030566,wx49ybc,wx49z2m,wx4eh7q
196761,wx4g05d,wx4g2vr,wx49k5w
3778952,wx4f4j2,wx4ss35,wx4g905
4711144,wx4g90h,wx4uxbz,wx4dppq
4152960,wx4umfh,wx4uepm,wx4gp8e
46800,wx4g2vr,wx4ge26,wx54be7
372479,wx4fjds,wx4gk2v,wx4g3ew
4782754,wx4dfxg,wx4d7nd,wx4dxmh
505097,wx4f4h5,wx4uy0p,wx4uhhn
4444276,wx4fy5f,wx49tz7,wx49pgn
4011577,wx4gk2v,wx4g2vr,wx4fg9m
5148974,wx4st7z,wx4gnd8,wx4snzk
3266387,wx4f25f,wx4fk4c,wx4enh2
3654500,wx4dfxg,wx4fb7v,wx4dnm7
1250346,wx4ctph,wx4fp50,wx4fmnf
2422836,wx4dz6f,wx4upd6,wx4em2v
166831,wx4skuv,wx4fwmb,wx43w0e
63225,wx5h2ue,wx4ek3f,wx4ss35
686424,wx4fvzz,wx4f8b3,wx4dx8f
3164179,wx4ey0m,wx4g2vr,wx49k5w
293834,wx4umzv,wx4gbnt,wtw39c4
1058108,wx4dz1b,wx49znx,wx5506h
1783651,wx4dz6f,wx4g2dt,wx4gt3g
2439956,wx4eg84,wx4ujng,wx4fkx7
3456907,wx4f18b,wx4dfxg,wx4935y
230683,wx49gn2,wx4efrz,wx4uhhn
4826210,wx4umfh,wx4ek8v,wx4uepm
1153587,wx4dz1b,wx4cewx,wx5506h
4448328,wx4geeg,wx4ey4m,wx4982n
3459517,wx4dqwj,wx4ev4q,wx4gbhq
3356030,wx4u89c,wx4cu0v,wx4gr7g
2145094,wx5h2df,wx5506h,wx4ezv4
1770354,wx54bv1,wx4u2bv,wx4fddd
838417,wx4drbz,wx4squg,wx4ezwk
4105901,wx4eq7k,wx4935y,wx4ceqe
107665,wx4snc4,wx4cewx,wx4vnzj
174264,wx4fen2,wx4fkvn,wx4ew1p
4660329,ws0eftt,wx4sv68,wx4ek9y
4341109,wx4dhnx,wx4gjbv,wx4ft2h
2014560,wx4sht0,wx4uvb3,wx4u3kc
3313992,wx4g8ym,wx4fktk,wx4e5kz
3625029,wx4ej4d,wx4dqed,wx4dnm7
106265,wx4dq5f,wx4gnjh,wx4fp50
5192283,wx4e3gq,wx4e1bf,wx4u023
1948868,wx4e538,wx4dtp6,wx4ezv4
1243714,wx4g7tt,wx4f6xt,wx4ue0v
4215629,wx4sfh5,wx4shkx,wx4gesy
3150764,wx4dfxg,wx4935y,wx4f2c4
4836763,wx4evem,wx4grnf,wx4g2vr
4621622,wx49eqf,wx4dkwu,wx4cw78
1684750,wx4swr6,wx4ghn4,wx4u0cp
43534,wx4umfh,wx4gp8e,wx4ew2t
1425202,wx4f3b6,wx4dtp6,wx4fenx
5055548,wx4g556,wx4urs4,wx4f6nc
4519931,wx49xz8,wx54817,wx4uyb6
4592370,ws4uztw,wx5494k,wx4dhnx
785186,wx4um8f,wx4eq7k,wx4f5q4
2597099,wx4ek25,wx4sht0,wx4et0u
3087628,wx4f69x,wx4f38m,wx4g3ew
106457,wx4ue0v,wx4f6xt,wx4gt3g
3692739,wx4fzty,wtw39c4,wx4eytq
1791434,wx4grr6,wx4e57b,wx4egu5
4158269,wx4dhnx,wx4gjbv,wx4ek9y
4427000,wx4dfxg,wx4935y,wx4eq7k
4021917,wx4dhvc,wx4um8f,wx4eq7k
5126778,wx4g3tm,wx4umzv,wx4f7p0
1704333,wx4ghn4,wx4gnkw,wx4f6xt
994676,wx49csp,wx49tu3,wx4f7mz
2357418,wx4en1n,wx4enn8,wx4fenx
527913,wx4gphn,wx4fz4e,wx4dv3r
4261000,wx4egs1,wx49tz7,wx4dut5
1747959,wx4d4g6,wx4dexm,wx4gqp7
4170046,wx4e5kz,wx5494k,wx4cu9u
4369649,wx4u89c,wx4e5kz,wx4uc9d
4554072,wx4fvyj,wx4dxw7,wx4d7mr
182097,wx4epjp,wx4gzuh,wx4gt8s
1111190,wx4f3b6,wx546uc,wx49yxq
3758482,wx4dfxg,wx4sqt0,wx4dxmh
4900084,wx4gnjk,wx4d22k,wx4e4p0
601513,wx4gk2v,wx4d5hs,wx4dh6u
4784253,wx4f66q,wx499k6,wx4cgvy
2716774,wx4uqf0,wx4fuk5,wx4d3bp
1946961,wx4f3mx,wx4dq5f,wx4dtcn
5087143,wx4esz9,wx4dp0k,wx4ezcp
4682893,wx4dfxg,wx4935y,wx4fz4e
2945125,wx4uy84,wx4dd3w,wx4ek3f
3425166,wx4enwf,wx4f5q4,wx4uyb6
4704638,wx4dfm8,wx4fkbx,wx4982n
2065911,wx4emns,wx4skhq,wx4dgqs
3171747,wx4gj46,wx4dgyg,wx49qep
4412610,wx4gk2v,wx4ge26,wx4g2vr
2285173,wx4g7tt,wx4upd6,wx4uqf0
1813869,wx4ek25,wx4cudg,wx4et0u
1269862,wx4cudg,wx4ek25,wx4cbwm
3093442,wx4dkwu,wx4eygh,wx4g36w
217375,wx4g1mg,wx4g834,wx4fbp4
3521147,wx4g3tm,wx4ft2h,wx49bqs
4686348,wx5h8uw,wx4dqed,wx4shkx
1639001,wx4dfzu,wx4swr6,wx4g7tt
32240,wx4sqt0,wx4dfxg,wx4d7nd
5172645,wx4demc,wx4dz70,wx4fuu6
215824,wx4dqed,wx5h8uw,wx4eq7k
4235859,wx499k6,wx4g2vr,wx4fn12
2648020,wx4f2x1,wx4dhtv,wx4unqt
2933284,wx4dfxg,wx4935y,wx4eq7k
1090297,wx5506h,wx5h2df,wx4ezv4
1592728,wx4dq5f,wx4gnjh,wx4f0j0
922449,wx4u3kc,wx4g6qj,wx4u0hs
274094,wx4g2vr,wx499k6,wx4fn12
5142030,wx4c1kc,wx4shkx,wx4gpq3
1061588,wx4g2dt,wx4fenx,wx4en1n
4016484,wx4grnf,wx4grk6,wtw37p0
2529075,wx4gpeh,wx4skhq,wx4enn8
5185755,wx4dfxg,wx4935y,wx4eq7k
3752763,wx4fptb,wx4u4m7,wx4fty3
1698033,wx4g2t4,wx4g8es,wx4g9vs
2253935,wx4swr6,wx4g7tt,wx4e1cv
2227558,wx4f3mx,wx4dtcn,wx4u2qr
1475185,wx4e57b,wx4fbpp,wx4snc4
2053172,wx4g2dt,wx4epr7,wx4cbzk
3500590,wx4g9vw,wx4fsvg,wx4gsfq
2648488,wx4f5mu,wx4esx4,wx4snj6
3218292,wx49gn2,wx4gjc2,wx4efrz
358704,wx4dppq,wx49fuy,wx4gp2s
224393,wx4f86z,wx5524k,wx4e4b9
3899069,wx49gn2,wx4efrz,wx4gk2v
1388568,wx55017,wx4egtm,wx4f56g
2687764,wx4dfzu,wx4dx8w,wx4g7tt
5128218,wx4g3tm,wx4ek3f,wx4uc9d
1907688,wx4e538,wx4skhq,wx49tu3
1665553,wx4exmd,wx4ewqg,wx4gz10
4437346,wx4swpp,wx4ezcp,wx4dwc3
1716913,wx4f56g,wx4d70e,wx4gn7r
4478619,wx4efx8,wx4ej4q,wx4gsq6
3557212,wx4f66q,wx4dwrm,wx4cgvy
5053578,wx499k6,wx4cgvy,wx4f66q
1453883,wx4gqp7,wx4dexm,wx4fz3p
5058891,wx4dwrm,wx4dhnx,wx4cu0v
1695605,wx4gq64,wx4dt71,wx4e1cv
2312980,wx4g7tt,wx4u0cp,wx4fvfs
4207709,wx4uzkn,wtw37p0,wx4grnf
4232079,wx4dfxg,wx4dnm7,wx4dv3r
3767709,wx4fs1z,wx4gegj,wx4ey0v
3289478,wx499k6,wx4cgvy,wx4sr8p
3612199,wx49eqf,wx4dwc3,wx4cw78
5157359,wx4cuqm,wx4fcqd,wx4dp92
4838780,wx4dnm7,wx4dxmh,wx4gjhk
2530845,wx4skhq,wx4u0n2,wx4gcty
3044306,wx5494k,wx4e5kz,wx4f7ny
4524621,wx4f66q,wx4grk6,wx4subk
3403928,wx4gjc2,wx4g2vr,wx4ge26
3700346,wx5h6yb,wx4gdj0,wx4ey21
1003981,wx4g4q5,wx4utwt,wx4f51b
236292,wx4f73u,wx4fzty,wx4umzv
2208551,wx49csp,wx4cgg1,wx4f7mz
3940291,wx54be7,wx4ctqk,wx49qep
1025286,wx4skhq,wx4u0n2,wx4gcty
3505881,wx4umfh,wx4gp8e,wx4uepm
3585513,wx4e5mu,wx4enwf,wx4ek3f
1636727,wx4ex0m,wx4gt3g,wx4gkyv
4620270,wx4grbr,wx550xf,wx49k5w
1316498,wx4dfzu,wx4swr6,wx4g7tt
3611915,wx4ejkq,ws0eftt,wx4g3tm
1281044,wx4exmd,wx4ejb4,wx4ujyr
1756326,wx4e538,wx4skhq,wx4en6k
895208,wx4ek25,wx4cbwm,wx4uq2f
1704929,wx4dp7c,wx4dqh4,wx4ffsy
4301160,wx4g2jz,wx4ej5k,wx4f45m
1885539,wx4f3z3,wx4drbr,wx5h8pd
5082320,wx4fhz4,wx4esz9,wx4dqv1
907255,wx4ek25,wx4sht0,wx4et0u
4379492,wx4dwc3,wx4gnjk,wx4g7qp
5073473,wx4swz0,wx4g5h7,wx4en3x
3184315,wx4e4p0,wx4d22k,wx49fz5
3539769,wx49gn2,wx4efrz,wx4gk2v
2109723,wx4u0cp,wx4g3eh,wx4f6xt
3610022,wx4gpc6,wx4ek8v,wx4dkwu
943793,wx4gt3g,wx4g0he,wx4dz6f
1041127,wx49z2m,wx54b9h,wx54c2d
4938575,wx4eq5w,wx4efrz,wx4ezwk
1826820,wx4f2zx,wx4e1f3,wx4d7gw
5056916,wx4e5kz,wx4u89c,wx4uc9d
4970191,wx4shkx,wx4c1kc,wx4fgm7
4094647,wx49pgn,wx4d5ch,wx4eytq
1985253,wx4ctph,wx4fp50,wx4sjvb
5194344,wx4ejkq,ws0eftt,wx4sv68
4518619,wx4g556,wx4urs4,wx4f6nc
3391731,wx4sq3n,wx4fktk,wx4u5k6
836836,wx4gphn,wx550r7,wx4skqn
1891303,wx4f6xt,wx4gnkw,wx4g3eh
2900246,wx4g2vr,wx4ff2u,wx4uhum
4255416,wx4dwrm,wx4dhnx,wx5494k
1228969,wx4vnzj,wx4dgph,wx4snc4
990771,wx4dgph,wx4dz1b,wx4g6qj
735795,wx4cw9q,wx4ej4d,wx4dhvc
5159716,wx4grnf,wx4uzkn,wx4egm7
1324295,wx4fuk5,wx4drbr,wx4d3bp
167889,wx4d7nd,wx4gpq3,wx4dppq
4755118,wx4f9jv,wx4fvyd,wx5h27u
4066486,wx4g05d,wx4f0gd,wx4g2vr
1255580,wx4g6p2,wx4dzub,wx4ek25
409487,wx4ezcp,wx4esz9,wx4uxbk
1288672,wx4dq5f,wx4f3mx,wx4gnjh
3092260,wx4dhnx,wx5494k,wx4e5kz
5114701,wx4ejkq,wx4g3tm,wx4ek9y
1369021,wx4gq64,wx4cbzk,wx4dmx7
982658,wx4en1n,wx4dnsj,wx4g3z2
2931911,wx4dfxg,wx4935y,wx4f2c4
4676744,wx4gphn,wx4fz4e,wx4dv3r
1674788,wx4etvy,wx4ur9s,wx4fzd0
3968746,wx4ff8j,wx4umzv,wx4g3tm
4400704,wx4eqqd,wx4dhvc,wx4up81
2183746,wx4eh7q,wx4dne4,wx4vnzj
728171,wx4dx2b,wx4u0xe,wx4gyz7
1827376,wx4frkj,wx4g355,wx4d3bp
5062751,wx4ukc5,wx4gj46,wx4dgyg
1507802,wx5h72b,wx4dyc1,wx4umtd
3130164,wx4d6gs,wx5h6yb,wx4d5bz
2118956,wx4dfzu,wx4gnkw,wx4dhtv
2530863,wx4g2dt,wx4dx8w,wx4gkyv
2014668,wx4dz1b,wx5506h,wx4et0u
1107817,wx4dp7c,wx4dqh4,wx4dgph
2706329,wx4dz1b,wx4dgph,wx4g6qj
4489031,wx4dhnx,wx4dwrm,wx4gjbv
4771770,wx4gc9j,wx4uhhn,wx4fg9m
2032385,wx4ghn4,wx4u0cp,wx4f6xt
3176489,wx4d22k,wx4eq7k,wx4gr95
2398833,wx4sjvb,wx4dz1b,wx4et0u
1508218,wx49wsx,wx4ex0n,wx4ffsy
2457501,wx4cdcn,wx4fh0k,wx4gs6u
736604,wx4um8f,wx550sh,wx4dwrm
4314382,wx4dpvx,wx4g402,wx4fexx
2884204,wx4upd6,wx4dx8w,wx4dt71
294495,wx4f0gd,wx4cgvy,wx54b1h
1065026,wx4dzqf,wx49y7m,wx4d5rg
4934666,wx4exs0,wx4dfxg,wx4f18b
2489631,wx4ue0v,wx4u0cp,wx4dx8w
3968124,wx4fvx9,wx5523u,wx4e1b1
4510518,wx4u1dm,wx4sntz,wx4fztr
3577868,wx4d5ch,wx4fen2,wx4g2jz
1958906,wx4gpeh,wx4fenx,wx4en1n
4321777,wx4uh1n,wx4fk4h,wx4fg1g
3048818,wx4durn,wx4f4h5,wx4g5cz
1874840,wx4ek25,wx4sjvb,wx4et0u
3601650,wx4d4p2,wx4gnd8,wx4dt7q
504761,wx4spst,wx4gp8e,wx4f7p0
5079271,wx499k6,wx4d476,wx4fn12
1947680,wx4fgsp,wx4cudg,wx4dtp6
143053,wx4g05d,wx4f0gd,wx4g2vr
3321791,wx4uyb6,wx4f5q4,wx4uq1h
5134682,wx4d22k,wx4sv68,wx4ejkq
3930036,wx4u05t,wx4dq95,wx4eq7k
1077253,wx4fenx,wx4gpeh,wx4en1n
4499021,wx4d22k,wx4eq5w,wx5494k
679279,wx4um8f,wx4eq7k,wx4dq95
1493975,wx4emns,wx4enn8,wx4u0n2
3097964,wx4gsfq,wx4gcmc,wx4uhrd
1770313,wx4d5ek,wx49csp,wx4f7mz
5197088,wx4esz9,wx4dnm7,wx540re
4110004,wx4dhnx,wx4ezwk,wx4u89c
639998,wx4d7mr,wx4dg74,wx4dxw7
1971527,wx4enn8,wx4u0n2,wx4dnsj
1634269,wx4ue0v,wx4dx8w,wx4dfzu
5139418,wx4drvn,wx4dqf8,wx4eq5w
4615183,wx4f69x,wx4f38m,wx4g3ew
1824394,wx4dq5f,wx5hd2p,wx4fp50
1115075,wx4swr6,wx4cbzk,wx4g7tt
5103705,wx4f45m,wx4u1pr,wx4gsq6
4430465,wx4ume5,wx4ehhv,wx4g526
1802300,wx4snc4,wx4dgph,wx4gg7m
2020127,wx4d546,wx4dzub,wx4en6k
4370698,wx4dhnx,wx4ejkq,wx4gjbv
1446463,wx5h6rw,wx5hd2p,wx4gnkw
2685619,wx4cbzk,wx4g7tt,wx4unqt
4884271,wx499k6,wx4f0gd,wx4fn12
4249579,wx54b3k,wx4fkvn,wx4utcn
2639616,wx4ghn4,wx4u0cp,wx4swr6
3003268,wx4cu0v,wx4e5kz,wx4e5mu
83984,wx4f123,wx4esz9,wx4cfmm
1145857,wx4dfzu,wx4fk01,wx4gnkw
3728380,wx4dhnx,wx4gjbv,wx4ft2h
4240267,wx4d7k7,wx4dq95,wx4f45m
531165,wx4grnf,wtw37p0,wx4grk6
146306,wx4u1df,wx4sez1,wx4f4h5
460802,wx4d6ys,wx5494k,ws4uztw
4300857,wx4grnf,wx4grk6,wx4gdf4
6104,wx4cfmm,wx4up81,wx4eqqd
5182554,wx4sv68,ws0eftt,wx4ek9y
1708809,wx4uqf0,wx4g7tt,wx4e1cv
4072129,wx4e5kz,wx4f7ny,wx4f7p0
522703,wx4u19x,wx4ghwm,wx4ge65
1086610,wx4dfzu,wx4dx8w,wx4gnkw
3373113,wx5h8uw,wx4dqed,wx4eppn
4103935,wx550r7,wx4f45m,wtw39c4
1073675,wx4d1ez,wx4ukdc,wx4994x
3387252,wx4dx4f,wx4etp2,wx49uhb
1419685,wx4fedc,wx4skhq,wx4emns
5005107,wx43xkp,wx54c5n,wx4sv3d
4081075,wx4g2vr,wx4evem,wx499k6
1260963,wx4dmdx,wx4ew3b,wx4f7nq
809100,wx4sqt0,wx4d7nd,wx4ccq8
444345,wx4cgvy,wx4dh6u,wx4geww
2975053,wx4g2vr,wx4gjc2,wx4ge26
3442719,wx4dgyg,wx4gj46,wx49qep
1074546,wx49wsx,wx4fmnf,wx54b9h
4224139,wx4ek9y,wx49xz8,wx4sv68
3657729,wx4d4mk,wx4sq7t,wx4fptb
4693396,wx4d7nd,wx4gpq3,wx4dxmh
5149584,ws0eftt,wx4dq7n,wx4sv68
909015,wx4upd6,wx4gt3g,wx4em2v
1549396,wx4f0kh,wx4f5z4,wx49fs4
3803493,wx54b3k,wx4u023,wx4gd7y
3721769,wx54c5n,wtw37p0,wx4fktk
4782677,wx4dfxg,wx4935y,wx4eq7k
1838964,wx4dx8w,wx4fdg1,wx4gkyv
4136844,wx4egs1,wx49tz7,wx4gse2
3113902,wx4dhnx,wx4gr7g,wx4ey93
909940,wx4exmd,wx4ejb4,wx4g2rk
4335778,wx4eq5w,wx4f4h5,wx4drbz
1221512,wx4skhq,wx4u0n2,wx4gcty
1768008,wx4dz1b,wx5506h,wx4et0u
3854001,wx4gn9y,wx4u58f,wx4dxw7
1462816,wx4gpeh,wx4f7mz,wx4eqfq
4069955,wx4d22k,wx4sv68,wx4fvpw
702965,wx4g2vr,wx4ff2u,wx4ctrq
4294364,wx4dwc3,wx4d58f,wx4fcfc
663602,wx4fv9w,wx49xz8,wx4gjbv
1564245,wx4fs51,wx4dq5f,wx4fp50
4518218,wx4e4p0,wx4eq7k,wx4d22k
3364659,wx4evmm,ws105zj,wx4d7yv
578874,wx4gk2v,wx4g2vr,wx4fg9m
3432453,wx4eyt2,wx4fuu6,wx49b79
3406364,wx4dkwu,wx4uxbk,wx4g36w
4677599,wx4f0gd,wx4g05d,wx4g2vr
2108683,wx4fs51,wx4dq5f,wx4fp50
3330791,wx49gn2,wx4efrz,wx4f6nt
2811647,wx4fenx,wx4skhq,wx4dgqs
4031308,wx4ehsd,wx4snhg,wx4dv7m
3174596,wx49eqf,wx4cw78,wx4gpmw
25130,wx4dhnx,wx4cgvy,wx4g8ym
4153008,wx4su8u,wx552dd,wx4uhpn
4058849,wx4fktk,wx4e5kz,wx4dp81
2681911,wx4fwsw,wx5480m,wx4e7bz
3867518,wx4gdpn,wx4fzty,wx4esz9
1608237,wx4g75c,wx49fky,wx4e7bz
2930111,wx4f25f,wx4g9vw,wx4enh2
4442301,wtw37p0,wx4fktk,wx4fy5f
324353,wx4ftxe,wx4umfh,wx4ek8v
424410,wx4dfxg,wx4935y,wx4dxmh
2580942,wx4dgph,wx4gbq3,wx4fv3t
626173,wx4f6jw,wx4e4p0,wx4d22k
2572189,wx4snc4,wx4d4p8,wx4cewx
1961166,wx4fmnf,wx49wsx,wx4fp50
1252969,wx4ujyr,wx4fhcu,wx4gj0v
217026,wx4f4xe,wx4dcuu,wx49sqc
1824609,wx4u0cp,wx4swr6,wx4ghn4
4093799,wx4dnm7,wx4f123,wx4dp0k
4665276,wx4e5kz,wx43xkp,wx4e5mu
3881002,wx4gpmw,wx4gse2,wx4gdnm
506952,wx4dszu,wx4g71y,wx4f5ch
1610686,wx4f3mx,wx4g3eh,wx4f6xt
2319902,wx4dq5f,wx4fs51,wx4gnjh
600908,wx4cuqm,wx4subk,wx4gj46
2805525,wx4gg7m,wx4dexm,wx4u00g
1534657,wx4dz6f,wx4em2v,wx4gt3g
2993443,wx4ejsq,wx54be7,wx5h6yb
2195340,wx4dz6f,wx4g2dt,wx4gt3g
2934802,wx4dhnx,wx5494k,wx4ezwk
3494663,wx4efx8,wx4u1dm,wx49pgn
3753162,wx4e1bf,wx4fv7f,wx4e1qu
4375752,wx5h8uw,wx4eppn,wx4dfpk
2162758,wx4upd6,wx4gt3g,wx4em2v
1166221,wx4f0j0,wx4dqh4,wx4ex0n
3718548,wx4sntz,wx4gp8e,wx4ej4q
4745564,wx4dtbg,wx4geww,wx4dgc9
3071148,wx49xz8,wx4ek9y,wx4dhnx
5074575,wx4fen2,wx4dwc3,wx4g2jz
5002031,ws0eftt,wx4eq7k,wx4dq7n
3086622,wx4d7nd,wx4gjhk,wx4dxmh
837389,wx4dppq,wx49fuy,wx4gp2s
3510122,wx4ceww,wx4ev4q,wx4eqj9
1677078,wx4unuc,wx4gyjr,wx4sy6k
1361331,wx4uqd3,wx4uhq9,wx4fefm
3599917,wx4uzkn,wx4swz0,wx4dt7d
1756339,wx4gnkw,wx4dfzu,wx4ghn4
1574869,wx4fj1f,wx4f2x1,wx4dhtv
3244271,wx4dh7n,wx4dprj,wx4dkwu
4589814,wx4e5mu,wx4e5kz,wx4ft2h
1385297,wx4c3h4,wx4vnzj,wx4dne4
3058098,wx4dq95,wx4eq7k,wx4gynd
3467312,wx4dfxg,wx4935y,wx4fzty
3569614,wx4umzv,wx4uyb6,wx4uy0p
465912,wx4gdj0,wx49vy6,wx4fjds
4706957,wx49rq2,wx4d7nd,wx4dxmh
3542878,wx4swz0,wx4ejc4,wx4fsvg
3991496,wx49u6r,wx4g71y,wx4snvz
2426855,wx4dgph,wx4fv3t,wx4dz1b
714563,wx4dhvc,wx4um8f,wx4f5q4
3281430,wx4em9c,wx4dqwj,wx4g2tf
5054914,wx54b1h,wx4grbr,wx4sngp
609177,wx4dwe8,wx4fzds,wx4gm09
2715134,wx49xw8,wx4emcn,wx4dpet
1860108,wx4dq5f,wx4g3eh,wx4f3mx
116666,wx4evt9,wx4f7mz,wx492b8
1868056,wx4fj1f,wx4uqf0,wx4d3bp
4658106,wx4d7k7,wx4f45m,wx4gynd
2800730,wx4dgph,wx4fv3t,wx4g6qj
3181641,wx4d22k,wx4ezwk,wx4eq5w
986489,wx4fedc,wx4skhq,wx4cgg1
3147974,wx4ff2u,wx4grk6,wx4u1dm
3220310,wx4uzkn,wx4grnf,wx4u89c
387745,ws0eftt,wx4eq7k,wx4dq7n
528677,wx4cvhh,wx4g9vw,wx4gcmc
4529776,wx550r7,wx4dq95,wx4f45m
2183606,wx4dfzu,wx4dx8w,wx4fk01
1498959,wx4fj1f,wx4f2x1,wx4dhtv
410271,wx4sh71,wx4g556,wx4eq7k
2606060,wx4f2x1,wx4dhtv,wx4epr7
609412,wx4sphc,wx4dkwu,wx4gp8e
1615502,wx4egb1,wx4sht0,wx4uvb3
1133838,wx4fenx,wx43z64,wx4en1n
2896993,wx4subk,wx4dp92,wx4egm7
587915,wx4eytq,wtw39c4,wx4fzty
1073291,wx4d546,wx4s4k6,wx4frkj
1995828,wx43jk6,wx4gnwm,wx4f7mz
3467101,wx4eq7k,wx4gr95,wx4spk9
859052,wx4dwrm,wx4dhnx,wx4gjbv
5135009,wx4u1dm,wx4grk6,wx4f66q
2961955,wtw37p0,wx54c5n,wx4egm7
4213114,wx4dhvc,wx4ezcp,wx4ep7s
4450576,wx5he7c,wx4evem,wx4f66q
2875909,wx4dmx7,wx4cbzk,wx4unqt
5042308,wx43xkp,wx4g8ym,wx4f7ny
1805486,wx4dz1b,wx4g3eh,wx4u2qr
2026845,wx4drbr,wx4ujyr,wx4gj0v
2139992,wx4u0cp,wx4ghn4,wx4g7tt
1872199,wx4dz1b,wx4sjvb,wx4et0u
4533316,wx4dh7n,wx4gpmw,wx4fxwc
2488498,wx49wym,wx4enq2,wx4d7fh
2780259,wx4fwsw,wx4gc9y,wx4sszh
584255,wx4dpvx,wx4g0ud,wx49mg1
2679619,wx54bzn,wx4ctph,wx4gnjh
2757166,wx4dp5h,wx4dt7y,wx4dzb2
5192478,wx4gk2v,wx4fjds,wx4sqqm
866124,wx4fbxz,wx4dy7n,wx4fe03
1217830,wx4f5z4,wx4g0he,wx4s4k6
2910875,wx4ejkq,ws0eftt,wx4g3tm
394313,wx49xuk,wx4eyjt,wx4dwe8
2719715,wx4e538,wx4fenx,wx4ezv4
1156350,wx4em5p,wx499t4,wx43w5j
1615149,wx4gne6,wx4ezv4,wx4dpqm
3571600,wx4evem,wx4grnf,wx4g2vr
1194911,wx4dfzu,wx4dx8w,wx4g355
5197013,wx4dfxg,wx4eq7k,wx4935y
52688,wx4e5kz,wx4fg1g,wx5494k
4050159,wx4cfmm,wx4eytq,wx4uyb6
1232980,wx4g2dt,wx4g7tt,wx4fdg1
4528862,wx4dhnx,wx5494k,wx4gjbv
522598,wx4f66q,wx499k6,wx4evem
1102171,wx4fk1v,wx4snj6,wx4e1uv
1075483,wx5hd2p,wx4f3mx,wx4dtcn
2178627,wx4d5ek,wx49csp,wx4enn8
3829588,wx5494k,wx4e5kz,wx4ev3x
4341942,wx4u5k6,wx4u89c,wx4dp81
1043961,wx49fky,wx4ez61,wx4fg8v
3373252,wx4fk4h,wx4g5h7,wx4su8u
2197867,wx4e1uv,wx4efzv,wx4snj6
2774168,wx4gsfp,wx4upd6,wx4gc9v
2398873,wx4cbwm,wx5506h,wx4et0u
2447119,wx4ctph,wx54bzn,wx4fmnf
2489376,wx4frkj,wx4fvfs,wx4drbr
1771937,wx4ue0v,wx4dfzu,wx4dx8w
1907498,wx4fenx,wx4en1n,wx4dnsj
332022,wx49ydv,wx4ew07,wx4f3sr
500117,wx4deuw,wx4d5s6,wx4dtq4
777674,wx4dq7n,wx4eqqd,wx4ek9y
5002581,wx4gk2v,wx4geww,wx4f6nt
1376987,wx4g3eh,wx4f3mx,wx4f6xt
5058115,wx4dhnx,wx4ejkq,wx4gjbv
3184252,wx4gjc2,wx4g2vr,wx4f6nt
1214413,wx4dfzu,wx4g7tt,wx4dx8w
1037637,wx4ek25,wx4et0u,wx4ghu1
1356456,wx4ew3b,wx4dmdx,wx4fj1f
3193609,wx4g9vw,wx4dqjx,wx4c81u
5066109,wx4sh71,wx4sv68,wx4ek9y
2798467,wx4dz6f,wx4u0cp,wx4em2v
4009734,wx4f6nt,wx4gk2v,wx4gdj0
5174517,wx4gpq3,wx4dppq,wx4dxmh
3859610,wx4gphn,wx4fz4e,wx4skqn
2791788,wx4enn8,wx4en1n,wx4cbr4
1004395,wx4cufw,wx4dmdx,wx4g39p
3873441,wx4gk2v,wx4fvyd,wx5h27u
4678790,wx4dyf4,wx4dkxj,wx4eftf
4745873,wx4dfxg,wx4935y,wx4eq7k
4858074,wx4gn9y,wx4uxbk,wx4dkwu
1388258,wx4dtp6,wx4cudg,wx4skhq
1498115,wx4s4k6,wx4frkj,wx4f5z4
1211355,wx4gq64,wx4dmx7,wx4unqt
2825125,wx4ek25,wx4fmnf,wx4emns
2095594,wx4sgun,wx4ujng,wx4fcdy
2179499,wx4dne4,wx4eh7q,wx4egu5
5161182,wx4dhnx,wx5494k,wx4ezwk
1785959,wx4dvc4,wx4djsv,wx4uw1e
2953653,wx4emxn,wx4d10v,wx43w0e
4213672,wx4ey0m,wx4gk2v,wx4ctrq
3072560,wx4dwrm,wx4gjbv,wx4dhnx
1638750,wx4fjp6,wx4gg91,wx4enq2
3590827,wx4gjhk,wx4dxmh,wx4d7nd
4254537,wx4gjc2,wx4gdj0,wx4eq3m
3673719,wx4dv3r,wx4gphn,wx4fz4e
3739084,wx4fktk,wx4e5kz,wx4dp81
680718,wx4d6ys,wx4extn,wx4ezwk
1819526,wx5h2df,wx5506h,wx4ezv4
77332,wx4f18d,wx4dkwu,wx4dyvd
4493823,wx4egs1,wx5524k,wx4fcu1
2077609,wx4g6p2,wx4ek25,wx4cbwm
2774427,wx5h2df,wx4dt71,wx43z64
2114030,wx4uqf0,wx4fuk5,wx4erwp
1479248,wx55017,wx4sy6k,wx4stbm
2006479,wx4u0cp,wx4ue0v,wx4dx8w
151806,wx499k6,wx4cgvy,wx4cf9x
1092880,wx4enq2,wx4gj0v,wx4ujyr
3200171,ws0eftt,wx4sv68,wx4ek9y
308159,wx4dq95,wx499y3,wx4e4b9
4416026,ws0edmy,wx4snq1,wx4f8b3
4651418,wx4cw9q,wx4shkx,wx4sh71
5051558,wx4935y,wx4g556,wx4dp0k
1616863,wx4em2v,wx4fk01,wx4gpnn
2653187,wx5hd2p,wx4gnkw,wx4dtcn
5185017,wx4935y,wx4dfxg,wx4eq7k
892631,wx4vnzj,wx4cbr6,wx4dgph
2948584,wx4fhz4,wx4ezcp,wx4ep7s
356191,wtw39c4,wx4uyb6,wx4fzty
3979200,wx4um8f,wx4eq7k,wx4f5q4
1395485,wx4g2dt,wx4dx8w,wx4gkyv
2588411,wx4fp50,wx4sjvb,wx4et0u
816558,wx4e5bn,wx49u6r,wx4ey3c
2609904,wx4gfuy,wx4vp12,wx4f9f9
108334,wx4dz1b,wx4cewx,wx4g6qj
1158572,wx546uc,wx4eqfq,wx4f7mz
5197021,wx4dq7n,wx4eq7k,wx4gr95
2183449,wx4fs51,wx4dq5f,wx4gnjh
4554273,wx499k6,wx4g2vr,wx4fn12
1889337,wx4fenx,wx4ezv4,wx4cgg1
4509474,wx4dhnx,wx4cgvy,wx4gjbv
2320043,wx4ew3b,wx4fenx,wx4en1n
4402058,wx5h29h,wx49eqf,wx4eygh
4861958,wx4f25f,wx4ds0e,wx4uy84
1931377,wx4egb1,wx4sjvb,wx4fp50
5142542,wx4eytq,wtw39c4,wx4umzv
4037217,wx4egs1,wx4fv7f,wx4e1bf
2159588,wx4dz6f,wx4u0cp,wx4em2v
369950,wx4efx8,wx4gsq6,wx4u1pr
2841467,wx5h2df,wx4dt71,wx5506h
1192586,wx4fqb6,wx4g7e5,wx4fv3t
325752,wx4d6ys,wx49gn2,wx4efrz
5031795,wx49xz8,wx4gjbv,wx4dhnx
499588,wx4fv7f,wx4uyb6,wx4eytq
85018,wx4fs3g,wx4g05d,wx4g2vr
1933707,wx4dgph,wx4fv3t,wx4dz1b
2338152,wx4dq5f,wx4f3mx,wx4g3eh
2954296,wx4dp0k,wx4f123,wx4esz9
1137916,wx4unqt,wx4d3bp,wx4eq8v
2053007,wx4vnzj,wx4snc4,wx4dgph
3947514,wx4gc9j,wx4eq5w,wx4uhhn
1544860,wx4dfzu,wx4dx8w,wx4gnkw
992047,wx4dq5f,wx4ctph,wx4fp50
2416102,wx4cbr6,wx49yxq,wx4f3b6
527768,wx54c5n,wtw37p0,wx4fktk
3950166,wx4ejc4,wx4f4j2,wx4u2cq
1542079,wx54b9h,wx54c2d,wx49wsx
3481303,wx4dhnx,wx5494k,wx4e5kz
355411,wx4eq7k,wx4d22k,wx4dq7n
1533632,wx4dz6f,wx4gqp7,wx4f5z4
454238,wx4d7k7,wx4f45m,wx4f86z
4605230,wx4umfh,wx4ek8v,wx4ew2t
2372335,wx4dq5f,wx4f3mx,wx4gnjh
4351463,wx552dd,wx4su8u,wx4ez6h
3656342,wx4e1bf,wx4spt8,wx4fv7f
270362,wx4gr95,wx4eq7k,wx4grpj
2259504,wx4ezv4,wx4fenx,wx4cgg1
3353900,wx490yc,wx4ek3f,wx4cw55
1862195,wx4u2bv,wx4dubq,wx4shw1
760250,wx4g2vr,wx4f6nt,wx4fg9m
960406,wx4dp7c,wx49tu3,wx4dqh4
2350950,wx4f3b6,wx49zwq,wx4dzub
1245203,wx4upd6,wx4em2v,wx4dz6f
538771,wx4g7qp,wx4dwc3,wx4gse2
898299,wx4dz1b,wx4sjvb,wx4cewx
109455,wx4g2dt,wx4dx8w,wx4gkyv
4297729,wx4ex2h,wx4ev4q,wx4uw9c
2277694,wx4gg7m,wx4u00g,wx4dexm
2169953,wx49yxq,wx546uc,wx4dp7c
3222666,wx5h2ue,wx4ek3f,wx43w0e
5199270,wx4u1df,wx4f4h5,wx4svb0
9913,wx4efrz,wx4ezwk,wx4dh6u
783461,wx4dn9x,wx5h6yb,wx4g4bq
2479214,wx4ghn4,wx4dfzu,wx4f6xt
1549202,wx4u0cp,wx4swr6,wx4ghn4
1976441,wx4u3kc,wx4g6qj,wx4994c
2564370,wx4dgph,wx4vnzj,wx4snc4
3236855,wx4dwrm,wx4um8f,wx4f5q4
58369,wx5h8uw,wx4dnm7,wx4dqed
397284,wx4g5t0,wx4fg6r,wx4dwq7
1169260,wx4swr6,wx4g7tt,wx4e1cv
1717969,wx5506h,wx4et0u,wx49znx
1901996,wx4e1cv,wx4gkyv,wx4cbzk
2407033,wx4ek25,wx4et0u,wx4sjvb
61662,wx4f7p0,wx4ek3f,wx4umzv
5071534,wx4fptb,wx4d4mk,wx4sq7t
4560372,wx4dq95,wx550r7,wtw39c4
376931,wx4ff2u,wx4ctrq,wx4gk2v
3108266,wx4eq7k,wx4dq7n,wx4gr95
4104307,wx4fzty,wx4umzv,wtw39c4
1419950,wx4d5ek,wx49csp,wx4enn8
2039597,wx4uwwe,wx4djf9,wx5h6w3
101305,wx4fp50,wx4dtcn,wx4et0u
4811779,wx4f69x,wx5h6yb,wx4e6bf
853451,wx4esz9,wx4ezcp,wx4dp0k
1681667,wx4fj1f,wx4epr7,wx4f2x1
4642397,wx550xf,wx49k5w,wx4efrz
3398672,wx4dv3r,wx4dwc3,wx4gphn
1630804,wx4erwp,wx5h8pd,wx4eq8v
1973756,wx4eyte,wx4sht0,wx4ek25
2474902,wx4frkj,wx4g355,wx49fs4
2688259,wx4cgg1,wx4e56c,wx4f7mz
3251914,wx4e4p0,wx4gp8e,wx4d22k
2792671,wx4g7tt,wx4e1cv,wx4uqf0
2689821,wx4gt3g,wx4g2dt,wx4gkyv
4921292,wx4fhz4,wx4esz9,wx4ezcp
268692,wx4fvyd,wx4durn,wx5h27u
1069494,wx4e538,wx4en6k,wx4skhq
4644812,wx4um8f,wx4gr95,wx4grpj
3702618,wx4svhh,wx4sszs,wx4e1ch
3953748,wx4umfh,wx49b79,wx4ftgs
5124973,wx4dqed,wx5h8uw,wx4eq7k
1998662,wx546uc,wx4g2gb,wx4eqfq
306564,wx4gc9j,wx4uhhn,wx4fg9m
1154415,wx4uqf0,wx4erwp,wx4fuk5
2708969,wx4skhq,wx4dgqs,wx4u0n2
2718621,wx4fp50,wx4et0u,wx4sjvb
1656745,wx4d546,wx4frkj,wx4uqf0
5186030,wx4eq7k,wx4gphn,wx4935y
3811641,wx4f4h5,wx4entg,wx4svb0
1881183,wx4dubq,wx4efzv,wx4etev
3484950,wx550r7,wx4gphn,wx4fz4e
4327217,wx4squg,wx4gr95,wx4ep7s
3172337,wx4um35,wx4f38m,wx49erh
1621431,wx4enqy,wx4frkj,wx4fvfs
4404065,wx4gk2v,wx4g2vr,wx4dh6u
274035,wx4gk2v,wx4ge26,wx4g2vr
916732,wx4erwp,wx5h8pd,wx4eq8v
2712830,wx4fj1f,wx4enn8,wx4g6s2
3202117,wx4gk2v,wx4d5hs,wx4fg9m
1599507,wx4fmnf,wx54b9h,wx49wsx
4658132,wx4e3gq,wx4e1bf,wx4ff3x
3065651,wx4fzty,wx4umzv,wx4g3tm
4387347,wx4eq5w,wx4f6nt,wx4efrz
4305799,wx4f23p,wx4ew1p,wx4s4v9
5140200,wx4eq7k,wx4um8f,wx4f5q4
1468754,wx4f3mx,wx4dtcn,wx4cbwm
3636456,wx4f66q,wx4subk,wx4gj46
4165053,wx4gesy,wx4shkx,wx4gjhk
3058253,wx4gvet,wx49sqc,wx4e98z
3896690,wx4uhhn,wx4fg9m,wx4d5hs
2531724,wx4f5z4,wx4f0kh,wx49fs4
1030750,wx4g3eh,wx4f6xt,wx4dz1b
4261745,wx4u4gm,wx4fnzq,wx4d476
4086052,wx4g2vr,wx4d5hs,wx4dh6u
2625896,wx4grj7,wx5hcqm,wx4um1c
1759996,wx4s4k6,wx4frkj,wx49fs4
3994271,wx499k6,wx4cgvy,wx4fn12
1461730,wx49csp,wx49bh8,wx4f7mz
3520781,wx4gpmw,wx4g36w,wx4gdnm
2795583,wx4f2x1,wx4dhtv,wx4dmdx
3099310,wx4enwf,wx4ejz1,wx4eqqd
5199018,wx4gdj0,wx4f6nt,wx5523u
5186694,wx4esz9,wx4fzty,wx4dp0k
4441331,wx4g2vr,wx49k5w,wx4ge26
3947480,wx4eq7k,wx4935y,wx4uhgx
2541339,wx4swr6,wx4ghn4,wx4dfzu
1942321,wx4dmdx,wx4f2x1,wx4f7nq
2067993,wx49yxq,wx4dn7g,wx4f3b6
1143550,wx4g6p2,wx4cbwm,wx4ek25
1516712,wx5h2df,wx4ezv4,wx5506h
4395105,wx4f123,wx4gdpn,wx4esz9
3231045,wx4cchv,wx4f3ue,wx4dfxg
2661602,wx4ek25,wx4uq2f,wx4fmnf
5025799,wx4uny6,wx4c81u,wx4dqq2
1503442,wx4dz1b,wx4et0u,wx4dgph
3845043,wx4dhvc,wx550sh,wx4um8f
1675253,wx4f7mz,wx4eqfq,wx4gv4e
1338386,wx4g3eh,wx4f3mx,wx4f6xt
2826900,wx49wym,wx4enq2,wx4evr5
5148342,wx4d5c4,wx4f4j2,wx4g905
38893,wx4f38m,wx49erh,wx4f69x
883697,wx4f0j0,wx4ex0n,wx49wsx
1583892,wx4dt8y,wx4u0g8,wx49gtr
3949673,wx4grnf,wx4gr7g,wx4g2vr
468594,wx4gcht,wx4uxbk,wx4eq69
494805,wx4gk2v,wx4d5hs,wx4fg9m
3203412,wx4dq95,wx550r7,wx4f45m
2771450,wx4fhvr,wx54bj3,wx4fk12
4325987,wx4grnf,wx4ff2u,wx4u5k6
1544641,wx4swr6,wx4g7tt,wx4e1cv
3984977,wx49ydv,wx4f3sr,wx4d58f
3566122,wx4gepv,wx4ssn2,wx4ghy3
2555093,wx4dgph,wx4fv3t,wx4g6qj
2045875,wx4dtp6,wx4cudg,wx4fenx
3785851,wx4g2vr,wx4d5hs,wx4dh6u
4811502,wx4ej4d,wx4g556,wx4935y
3012021,wx4uy84,wx4gcy1,wx4gf0p
72422,wx4s4v9,wx4f23p,wx4g2rm
324828,wx4gp8e,wx4e5kz,wx4dzep
4865474,wx4dkwu,wx4gp8e,wx4ew2t
4006799,wx4cgvy,wx4g2vr,wx49k5w
2040354,wx4s4k6,wx4frkj,wx4d3bp
4883516,wx4cw55,wx4emxn,wx4ek8v
60797,wx4d22k,wx4dq7n,wx4eq7k
1429933,wx4gsfp,wx4upd6,wx4dt71
3116180,wx4g7qp,wx4dwc3,wx5524k
3623773,wx4gpc6,wm6j8jh,wx4gp6y
3425603,wx4sh71,wx4sv68,wx4ek9y
5057366,wx4dhnx,wx4ezwk,wx4u89c
4095963,ws4uztw,wx54c5n,wx4fg1g
45148,wx4ek9y,wx4sv68,wx4ejkq
2786063,wx5hd2p,wx4gnkw,wx4dfzu
1007018,wx4e538,wx4skhq,wx4fedc
4519911,wx4eq7k,wx548xf,wx4dhvc
2610200,wx49znx,wx4dz1b,wx5506h
5176451,wx4u58f,wx4d73g,wx4fxwc
285616,wx5494k,wx4e5kz,wx4ev3x
3028919,wx4dhnx,wx4gp8e,wx4gjbv
1102882,wx4dgph,wx4g6qj,wx4dz1b
4267329,wx43xkp,wx4g8ym,wx541ys
4907157,wx4evem,wx4f66q,wx4g2vr
877420,wx4dp7c,wx4dqh4,wx4gm82
4202748,wx4g2vr,wx4geww,wx4f6nt
4455771,wx4u05t,wx5494k,wx4eq5w
2515293,wx5506h,wx4dt71,wx4d1ns
5115768,wx4gk2v,wx5h27u,wx4durn
1875522,wx4enq2,wx4evr5,wx4ujyr
1555501,wx4ujyr,wx4evr5,wx4cwgu
870816,wx4cbr6,wx4g2gb,wtw3w4n
2279165,wx4d7fh,wx4fjp6,wx4emxs
1772128,wx4gsfp,wx4dfzu,wx4gc9v
811600,wx4f33j,wx4fy5f,wx49tz7
302166,wx4g05d,wx4f0gd,wx4g2vr
1580362,wx4gsfp,wx4dx8w,wx4gt3g
3352191,wx4extn,wx4grnf,wx4ezwk
3751065,wx4f4h5,wx4uy0p,wx4dppc
1366591,wx4grr6,wx4e57b,wx4sy6k
3802909,wx550r7,wx4gphn,wx548xf
3383553,wx499k6,wx4cgvy,wx4cf9x
1090496,wx4gt3g,wx4em2v,wx4gkyv
706408,wx4uzkn,wx4eh9f,wx4fsvg
923006,wx43jk6,wx43z64,wx4fenx
4126540,wx4gjc2,wx4g2vr,wx4dh6u
2228082,wx4evt9,wx4eqfq,wx4f7mz
168291,wx4dq95,wx4f45m,wx550r7
1304688,wx4gsfp,wx4upd6,wx4gt3g
4073265,wx4d5ch,wx49pgn,wx4gnjk
5125956,wx49rq2,wx4deqb,wx4dv3r
2305934,wx4f3mx,wx4dtcn,wx4cbwm
2299541,wx4dp5h,wx4dt7y,wx4upeq
101602,wx4dx8w,wx4fdg1,wx4gkyv
2560802,wx4g3eh,wx4dz1b,wx49znx
4120657,wx4g2vr,wx5523u,wx4f6nt
3452508,wx4ekvb,wx4ex0q,wx4e460
888150,wx4ezv4,wx4gne6,wx4dpqm
1740137,wx4d3bp,wx4fuk5,wx4gs6u
842001,wx4eytq,wx4fzty,wtw39c4
2524560,wx4gj9r,wt022uu,wx4u467
4290999,wx5h8uw,wx4eppn,wx4ekvb
504160,wx49fz5,wx4g402,wx4ew1p
5034274,wx4dhvc,wx4um8f,wx4f5q4
4352955,wx4ccq8,wx4fgbn,wx4fz7n
4793747,wx4dppq,wx49fuy,wx4gp2s
4619396,wx4cgvy,wx49gn2,wx4gjc2
282939,wx4sh71,wx4sv68,wx4ek9y
4300460,wx4u58f,wx5h2ue,wx4ek3f
4569336,wx4fzty,wtw39c4,wx4eytq
4449792,wx499k6,wx4fn12,wx49gn2
5005897,wx4f7p0,wx4sntz,wx4gp8e
5085428,wx49fny,wx4fbxz,wx4fv5u
1202354,wx4upd6,wx4gt3g,wx4em2v
1005980,wx4gs6u,wx43w5j,wx4cdcn
2715779,wx4g7tt,wx4g2dt,wx4e1cv
3129014,wx4dwc3,wx4dnm7,wx4esz9
3369599,wx4gdpn,wx4ume5,wx4fzty
1145199,wx4drbr,wx4f3z3,wx4uqf0
592399,wx4umzv,wx4ej4q,wx4fzty
3283764,wx4ej4d,wx4935y,wx4g556
2287371,wx4enn8,wx4f24b,wx4g6s2
3097171,wx4ejz1,wx4u04z,wx4ewds
3665087,wx4ej4d,wx4cw9q,wx4f123
2499578,wx4eqfq,wx4cgg1,wx4f7mz
2741094,wx4ue0v,wx4u0cp,wx4dx8w
1859971,wx49xw8,wx4uw3u,wx4ukdc
1472310,wx4e1f3,wx4e1uv,wx4snj6
4681803,wx4eq7k,ws0eftt,wx4gr95
2949865,wx4uqrs,wx4ur1z,wx49fz5
2703985,wx5506h,wx49znx,wx4et0u
2133122,wx4g7tt,wx4e1cv,wx4gkyv
2593646,wx4e538,wx4ezv4,wx4gne6
4724186,wx4d6ys,wx4ezwk,wx499k6
4232044,wx4cgvy,wx49gn2,wx4efrz
3655356,wx4g9vw,wx49g40,wx4fsvg
4930904,wx550r7,wtw39c4,wx4fzty
2204399,wx4fp50,wx4et0u,wx4sjvb
736176,ws0eftt,wx4gp8e,wx4ezwk
5188409,wx4d7nd,wx4dxmh,wx4dppq
3101736,wtw39c4,wx4fzty,wx4eytq
2846753,wx4sndk,wx4gc1b,wx4gqp7
2943173,wx550r7,wx4gphn,wx4fzty
2587292,wx4dp7c,wx5480m,wx5h2d7
4479077,wx4enxu,wx49qep,wx4eq3m
3332528,wx4grnf,wx4ezwk,wx4u89c
4855011,wx4dp1x,wx4eq7k,wx4gr95
4829589,wx550sh,wx4f8fu,wx49fz5
3591616,wx499k6,wx4g2vr,wx4evem
3940850,wx4fsvg,wx4g9vw,wx4g5h7
4905301,wx4ff8j,wx4g3tm,wx4f7p0
3509511,wx4ccq8,wx4eyu7,wx4fmxg
3539176,wx4ur1z,wx49fz5,wx4ewds
296629,wx4uyb6,wx4umzv,wx4uy0p
4168458,wx54c5n,wx4g8ym,wx43xkp
13502,wx4cfmm,wx5h8uw,wx4dqed
1646865,wx4gsfp,wx4gt3g,wx4gkyv
2596423,wx4snc4,wx4dp7c,wx4cewx
2903267,wx4f23p,wx4f13s,wx4g2rm
1350403,wx49csp,wx4cgg1,wx4f7mz
121188,wx4dz6f,wx4gqp7,wx4g0he
3686626,wx4ctrq,wx4gk2v,wx4fg9m
2972089,wx4gbhq,wx4f9jv,wx4dxpg
3590794,wx4d22k,wx4cw9q,wx4eq7k
2355374,wx4ex0m,wx4s4k6,wx4f5z4
1531404,wx49csp,wx4f7mz,wx4eqfq
975202,wx5h2df,wx5506h,wx4ezv4
2704516,wx4f2x1,wx4dhtv,wx4dmdx
2620670,wx4skhq,wx493vy,wx4e538
4812566,wx4dkjk,wx4g6b2,wx4gnjk
1204798,wx4g2d3,wx4dz6f,wx4gqp7
788289,wx4eytq,wx4fnrn,wx4gcxt
3955401,wx4ejz1,wx5h29h,wx4u04z
4479751,wx4sntz,wx4ey0m,wx4dtjg
1148903,wx5hcqm,wx4grj7,wx43w5j
1328464,wx4u6p8,wx4e1cv,wx4dt71
2931514,wx4fg6r,wx4f5ch,wx4e47q
2475035,wx43yhm,wx4u1zh,wx4fqtn
1684234,wx4gsfp,wx4upd6,wx4dx8w
952575,wx4g0he,wx4gt3g,wx4dz6f
5202198,wx4cw55,wx4ek8v,wx4fkvn
1924806,wx4d546,wx49zwq,wx4dmx7
1601234,wx4upd6,wx4gt3g,wx4em2v
118739,wx4swr6,wx4g7tt,wx4e1cv
5093577,wx4d7k7,wx4dq95,wx4f45m
684907,wx4cw55,wx4emxn,wx4ek8v
3783354,wx4fe2g,wx4u40u,wx5h8uw
1638265,wx4f7uc,wx4et0u,wx4dz1b
3616791,wx4dxmh,wx4gjhk,wx4uqrs
2240693,wx4sjvb,wx4et0u,wx4fenx
3347057,wx4ff2u,wx4u5k6,wx4cc8f
4730516,wx4eq5w,wx49k5w,wx4eymw
541053,wx4f4h5,wx4ev4q,wx4e5m8
2690643,wx4swr6,wx4g7tt,wx4upd6
4587064,wx4d22k,wx4eq7k,wx4erss
1564269,wx4swh2,wx4dut8,wx4u2bv
5134481,wx4ff2u,wx4f7ny,wx4cc8f
3501612,wx4fk4h,wx4fg1g,wx4en3x
49693,wx4g8ym,wx541ys,wx4cg1m
4841855,wx4ej4d,wx4g556,wx4935y
1094588,wx4g7e5,wx4emxk,wx4fv3t
4948082,wx550r7,wtw39c4,wx4f45m
3805067,wx4ghwm,wx4ge65,wx4ug2d
1634890,wx4deuq,wx550w0,wx4emxs
1665542,wx4ex0m,wx4gt3g,wx4g0he
495774,wx4gsq6,wx4cc8f,wx4dt9k
138538,wx4dq5f,wx4gnjh,wx4f0j0
4057808,wx4evem,wx4grnf,wx4g2vr
2866448,wx4ew3b,wx4enn8,wx4dmdx
4809858,wx4dz70,wx4cw55,wx4gs4d
4713273,wx4sq7t,wx4d4mk,wx4fptb
4887540,wx4uzkn,wx4swz0,wx4u58f
609630,wx4ctgp,wx4c81u,wx4geeg
2483448,wx4d546,wx4f2x1,wx4enn8
3880021,wx550sh,wx4f8fu,wx49fz5
4469636,wx4dwc3,wx4g7qp,wx4f1yr
5099427,wx4deuw,wx4dgc9,wx4dtq4
3524298,ws4uztw,wx4dwrm,wx4dhnx
996696,wx4g7tt,wx4e1cv,wx4upd6
4783273,ws4uztw,wx4eq5w,wx5494k
3312612,wx4gc7b,wx4ehwr,wx4gf0v
1090156,wx4gnjh,wx4f0j0,wx4dq5f
3875746,wx4squg,wx4ep7s,wx4g526
2538055,wx4g2dt,wx4g7tt,wx4enqy
3262127,wx4fztr,wx4umfh,wx4ew2t
301819,wx4gjc2,wx4ey0m,wx4g2vr
4719365,wx4ek3f,wx4f7p0,wx4umzv
3225581,wx4eq3m,wx54be7,wx49qep
1319771,wx4ek25,wx5506h,wx4et0u
2343083,wx4fmnf,wx49wsx,wx4fp50
1703823,wx4ctph,wx4gnjh,wx4dq5f
4386600,wx4shvv,wx4ekvb,wx4ex0q
3097925,wx4g8ym,wx4e5kz,wx43xkp
1537766,wx4dgph,wx4g6qj,wx4dz1b
122588,wx4fedc,wx4skhq,wx4dgqs
1943423,wx4dgph,wx4fv3t,wx4dz1b
1604145,wx4d546,wx49zwq,wx4dmdx
4446398,wx4g3tm,wx4ft2h,wx4enwf
601550,wx4eq5w,wx4efrz,wx49k5w
3105443,wx4dhnx,wx5494k,wx4e5kz
1545340,wx4e1f3,wx4f2zx,wx4g2gb
1860717,wx4cdcn,wx4gs6u,wx4gz10
1573901,wx4e538,wx4skhq,wx4u0n2
4452304,wx4ff8j,wx4f7p0,wx4e5kz
556320,wx4gc9j,wx4uhhn,wx4fg9m
1457749,wx4frkj,wx4dx8w,wx4fdg1
4367972,wx4d22k,wx4fwqz,wx4u55b
1305536,wx49zwq,wx4g423,wx4d546
2366798,wx4uy9q,wx4c83q,wx4emxs
1770701,wx4ghn4,wx4dfzu,wx4f6xt
4496677,wx4g402,wx4fkvn,wx4dkjk
3988100,wx4dhnx,wx4dwrm,wx4gjbv
2013967,wx4dgph,wx49zwq,wx4dz1b
3412604,wx4ex0q,wx4e460,wx4g2rm
1151154,wx4envb,wx4dpjm,ws10fty
4342855,wx4eq7k,wx4dq7n,wx4gr95
4620635,wx4sngp,wx54b1h,wx4grbr
5134917,wx4eq7k,ws0eftt,wx4gr95
5142754,wx4grnf,wx4cgvy,wx4dhnx
50741,wx4uqrs,wx4dv3r,wx4skqn
892613,wx4dp7c,wx4gv4e,wx4dugf
1647143,wx4unqt,wx4cbzk,wx4frkj
2143873,wx4gq64,wx4dmx7,wx4unqt
4331109,wx4fv5d,wx4gcmc,wx4uhrd
1903128,wx4snc4,wx4shxs,wx4u64v
5760,wx4eq7k,wx4e4p0,wx4d22k
3042990,wx49gn2,wx4efrz,wx4ezwk
1339020,wx49wsx,wx54b9h,wx4ffsy
825425,wx4d7k7,wx4f45m,wx4dq95
5098943,wx4g9mu,wx4dhvc,wx49xz8
10462,wx4g2vr,wx499k6,wx4fn12
1748300,wx4uqt7,wx4gnkw,wx4ghn4
1684851,wx4e538,wx49tu3,wx49csp
388974,wx4ey52,wx4dnm7,wx4dv3r
695623,wx4gp8e,wx4d22k,wx4eq5w
1033636,wx4dju6,wx49fxz,wx55242
1391457,wx49fky,wx4grbt,wx4shsx
4042179,wx4fgbn,wx4ewru,wx4ccq8
4143295,wtw39c4,wx4eq7k,wx4uyb6
3270989,wx4u1dm,wx49pgn,wx4u1pr
4649989,wx4dwrm,wx4dhvc,wx4um8f
4436669,wx54c5n,wx4umfh,wx4f7ny
295150,wx4um8f,wx4eq7k,wx4dq7n
3751592,wx4ceww,wx4gk2v,wx4gvet
3927266,wx4efrz,wx4f6nt,wx4dh6u
3652402,wx4cgvy,wx4f0gd,wx550xf
1519032,wx4gc9v,wx4c8kd,wx5h6w3
1543172,wx4cgg1,wx4ezv4,wx4fenx
3960243,wx49gn2,wx4efrz,wx4geww
900724,wx4fbpp,wx4snc4,wx4e57b
2820917,wx4gq64,wx4dmx7,wx4unqt
5129964,wx4gjhk,wx4uqrs,wx4g556
992459,wx4fj1f,wx4d3bp,wx4frkj
4304531,wx4f4h5,wx4ev4q,wx4e5m8
3134329,wx4cfmm,wx4dq95,wx4eq7k
110958,wx49cpg,wx4g2dt,wx4dx8w
1162693,wx4u0cp,wx5506h,wx4gpeh
678332,wx4dhnx,wx4cu0v,wx4e5kz
1603857,wx4g3eh,wx4u0cp,wx49znx
1483931,wx4dz1b,wx4dgph,wx4sjvb
4274403,wx4e1bf,wx4fv7f,wx4dg74
5061721,wx4spt8,wx4e1qu,wx4dg74
3500689,wx54c5n,wx43xkp,wx4fktk
2202138,wx4gp6e,wx4u91w,wx4gngg
3820987,wx4eq7k,wx4gr95,wx4grpj
1366597,wx4cufw,wx4grbt,wx4g75c
4227439,wx4dhnx,wx4gjbv,wx4ft2h
2509708,wx4ujng,wx4fcdy,wx4smdh
2050205,wx4f2x1,wx4unqt,wx4epr7
547595,wx4dtbg,wx4g893,wx4geww
1034511,wx4cbzk,wx4en1n,wx4sk75
2672571,wx4gj9r,wx4uh50,wx4uw3u
103473,wx4g7tt,wx4uqf0,wx4e1cv
1489093,wx4dq5f,wx4gnjh,wx4f0j0
4686058,wx4gk2v,wx4dh6u,wx4d5hs
3357562,wtw39c4,wx4uyb6,wx4gdpn
2889736,wx4upd6,wx4em2v,wx4gt3g
4244400,wx4d22k,wx4eq7k,wx4935y
1825287,wx4eh7q,wx54b9h,wx4dne4
4818214,wx4umfh,wx4ek8v,wx4d10v
3834752,wx4cw9q,wx4shkx,wx4dqed
1602620,wx4s4k6,wx4gt3g,wx4f5z4
3870035,wx4gcht,wx4erss,wx54bxq
1120071,wx4dfzu,wx4dx8w,wx49fs4
1051294,wx4dz6f,wx4gqp7,wx4sk35
5173308,wx4gr95,wx4squg,wx4eq7k
2499313,wx4uk1z,wx54b9h,wx49wsx
4190920,wx4uyb6,wx4eq7k,wx4ffu8
3954635,wx43w0e,wx4ezfr,wx4dmfv
1166652,wx4d4g6,wx4dexm,wx4um1c
950653,wx4g5c4,wx4sny2,wx4fs32
3018243,wx4gphn,wx4dv3r,wx4fz4e
293741,wx4dn9x,wx4f66q,wx4subk
350733,wx4f69x,wx4f38m,wx4ew5u
2846916,wx4fenx,wx4dgqs,wx4gcty
1341223,wx4f9f9,wx4sqhv,wx4cmeh
412361,wx49gn2,wx4cgvy,wx4efrz
4121408,wx499k6,wx4f0gd,wx4g2vr
2496820,wx4cbwm,wx4cudg,wx4ek25
4557109,wx4dqwj,wx4fjds,wx4g2tf
2455062,wx4d3bp,wx4gc9v,wx49fs4
5165181,wx4dn9x,wx4dz70,wx4eh9f
2313125,wx4dx8w,wx4gkyv,wx4gt3g
2174359,wx4skhq,wx4u0n2,wx43z64
4452257,wx4gpc6,wx4ss35,wm6j8jh
2586084,wx4ctph,wx4fp50,wx4sjvb
3969008,wx4dhvc,wx4dq95,wx4um8f
2160290,wx4e538,wx4skhq,wx4ezv4
3449032,wx4sh71,wx4dqed,wx5h8uw
3997442,wx4gc9j,wx4efrz,wx4uhhn
1368465,wx4gt3g,wx4f5z4,wx49fs4
4511736,wx4d22k,wx4eq7k,wx4e4p0
2032611,wx4e1cv,wx4cbzk,wx4gkyv
3141381,wx4e5kz,wx4uc9d,wx4u89c
3271226,wx4f66q,wx499k6,wx4gr7g
353607,wx4u89c,wx4e5kz,wx4uc9d
1299801,wx5h2df,wx5506h,wx4dt71
3337540,wx4f33j,wx4dt7d,wx4dfm8
2184151,wx49xp8,wx4ex0n,wx4esx4
2544633,wx4u0cp,wx4ue0v,wx4dx8w
4446532,wx4fexx,wx4g402,wx4u04z
36366,wx4drbz,wx4squg,wx4ezwk
3455841,wx550r7,wx548xf,wx4gphn
508882,wx4dq7n,wx4eq7k,wx4f5q4
4424532,wx4ur1z,wx49fz5,wx4fen2
1935815,wx4dgph,wx4dp7c,wx4dqh4
1624996,wx4f3b6,wx4skhq,wx4dtp6
4387942,wx4ctjt,wx4dt8f,wm3z57x
3265398,wx4ur1z,wx4uqrs,wx4fen2
2258936,wx4dfzu,wx4fk01,wx4ex0m
2254318,wx4uqxu,wx4g2gb,wx4gm82
646843,wx4eytq,wx4fnrn,wtw39c4
3739038,wx4gsq6,wx4cc8f,wx4efx8
1830368,wx4upd6,wx4dx8w,wx4gkyv
2136885,wx4e1cv,wx4gkyv,wx4dt71
1343685,wx4enq2,wx4gg91,wx4fjp6
3336416,wx4gpq3,wx4c1kc,wx4shkx
751830,wx4gcht,wx4eq69,wx4dfpk
1130083,wx4ghn4,wx4u0cp,wx4f6xt
4402349,wx4e5mu,wx4g3tm,wx4ft2h
789062,wx4gp8e,wx4e5kz,wx4dzep
3934223,wx4esz9,wx4grpj,wx4erss
4942562,wx4gr95,wx4eq7k,wx4grpj
3013583,wx4u1dm,wx4efx8,wx49pgn
4254900,wx4sh71,wx4sv68,wx4ek9y
2862062,wx49bh8,wx49c0q,wx4g6s2
5021105,wx4dfxg,wx4eq7k,wx4935y
4575116,wx4evem,wx4grnf,wx4g2vr
4154152,wx4fguk,wx4gj46,wx4subk
3349244,wx4up81,wx4eqqd,wx4e5mu
715957,wx4d6gs,wx5h6yb,wx4d5bz
3357563,wx4d22k,wx4sv68,wx4ejkq
4332092,wx4cgvy,wx4f6nt,wx4dh6u
3124679,wx4ctkf,wx4u58f,wx4cfh9
4746701,wtw37p0,wx54c5n,wx4eyr3
2387507,wx4utcv,wx4g5c4,wx49gnu
1689966,wx4emns,wx4cbzk,wx4unqt
3737410,wx4e4p0,wx5494k,wx4eq5w
381747,wx4ejkq,wx4dhnx,wx4g3tm
3845058,wx4dpvx,wx4fen2,wx4g0ud
3532232,wx4eq5w,wx5494k,wx4d22k
5198210,wx4eq5w,wx4d22k,wx4u89c
918451,wx4g7tt,wx4upd6,wx4e1cv
911052,wx4gpeh,wx4enn8,wx49bh8
4807341,wx4e3gq,wx4e1bf,wx4dg74
107819,wx4g7tt,wx4uqf0,wx4upd6
4736236,wx4grnf,wx4ezwk,wx4ey93
3248572,wx4fexx,wx4en3x,wx4d5c4
5187766,wx4u19x,wx4ge65,wx4e98z
5056033,wx4dtvk,wx4dr6n,wx4fgbn
629971,wx4g3tm,wx4umzv,wx4cfmm
766505,wx4gdj0,wx49vy6,wx4fjds
2367709,wx4upeq,wx4sqhv,wx4dt7y
4805336,wx4dd7k,wx4dpwh,wwgq2te
787113,wx4um8f,wx4dhvc,wx4dq7n
2669530,wx4emns,wx4cbzk,wx4unqt
581069,wx4gc9j,wx4ge26,wx4uhhn
3991105,wx4sez1,wx4f9jv,wx4ev4q
3623244,wx4e4p0,wx4eq7k,wx4d22k
1450259,wx4f2x1,wx4dhtv,wx4d546
3641212,wx4cw9q,wx4shkx,wx4ej4d
2050881,wx5506h,wx4u0cp,wx49znx
5116860,wx548xf,wx4gphn,wx4skqn
1040678,wx4gnkw,wx4f6xt,wx49znx
4764711,wx4eq5w,wx4d22k,wx5494k
3243775,wx49qep,wx54be7,wx4ejsq
1129156,wx5506h,wx4dt71,wx5h2df
3307537,wx4ej4d,wx4cw9q,wx4f123
1191080,wx4dtp6,wx4skhq,wx4f3b6
2107579,wx4ctph,wx4fp50,wx4sjvb
1573729,wx4dfzu,wx5hd2p,wx4gnkw
235413,wx49pgn,wx4eytq,wx4d5ch
4035833,wx4eq5w,wx4f4h5,wx4gc9j
3199128,wx4swxg,wx4d5ch,wx4f45m
2547367,wx4d3bp,wx4frkj,wx49fs4
3956741,wx4egs1,wx4umfh,wx4uv29
1268876,wx4g2dt,wx4ew3b,wx4fenx
370193,wx4g2vr,wx4f0gd,wx499k6
4640597,wx4grbr,wx54b1h,wx550xf
589685,wx4g2vr,wx4gk2v,wx4fg9m
1576797,wx4dmdx,wx4f2x1,wx4f7nq
2857734,wx4skc8,wx4emns,wx4enn8
3774847,wx4dhvc,wx4e5mu,wx4gjbv
3064657,wx499k6,wx4cgvy,wx4fn12
4184578,wx4g2vr,wx4fs3k,wx4gk2v
1636535,wx4g2gb,wx4eqfq,wx4ek25
3280092,ws0edmy,wx4snq1,wx4st8k
4273765,wx4ezwk,wx5494k,wx4g8ym
2569063,wx5hd2p,wx4dtcn,wx4f3mx
608627,wx4dgc9,wx4ezn9,wx49sqc
216767,wx49pgn,wx4d5ch,wx4eytq
2519056,wx49csp,wx4f7mz,wx4cgg1
5124713,wx4deqb,wx4cfh9,wx4ctkf
2381481,wx4ue0v,wx4f6xt,wx4gt3g
2911659,wx4gbnt,wx4d22k,wx4u55b
5029079,wx4ej4d,wx4935y,wx4g556
4338694,wx4d22k,wx550sh,wx4eq7k
4725723,wx4gpmw,wx4spt8,wx4dg74
3295180,wx4gpq3,wx4f6nc,wx4urs4
4774345,wx4g0ud,wx4dpvx,wx499y3
4403149,wx4enwf,wx4f39r,wx4e5mu
804042,wx4ge26,wx4gk2v,wx4fg9m
3984277,wx4eq7k,wx4d22k,wx4gr95
334601,wx4dqy1,wx4g71y,wx4ge9u
2926817,wx4fhz4,wx4cfmm,wx4esz9
4548452,wx4dtvk,wx4d4jp,wx4fgbn
4973483,wx4dwc3,wx4esz9,wx4gcht
4771502,wx4g69s,wx4deqb,wx4g0ud
4095883,wx49mg1,wx4dkwu,wx499y3
4825108,wx4dqwj,wx4ehwr,wx4ceww
3686246,wx4g2vr,wx4d5hs,wx49k5w
1951949,wx4dtp6,wx4cudg,wx4skhq
3787424,wx4u04z,wx4g6b2,wx4dkjk
2291504,wx4g4q5,wx4d7fh,wx4dfjv
1298088,wx4dz1b,wx49znx,wx4g3eh
1550313,wx4uhq9,wx4sqhv,wx4d41b
3805151,wx4esz9,wx4dp0k,wx4fzty
806120,wx4exs0,wx4d7k7,wx4dq95
2320210,wx4ghn4,wx4f6xt,wx4dfzu
